instanceFile; comment; status; LB; UB; Gap; ModelingTime; cplexTime; totalTime; nVarsTotal; nVarsFree; excludedByEllipse;exclusionReg; nConstr; nNonZeros; preproc.UB; preproc.LB; preproc.fixedArcs; preproc.fixedEdges; preproc.fixedPaths; preproc.blockedArcs; preproc.blockedEdges; preproc.time; preproc.outOfEllipse.fixedArcs; preproc.outOfEllipse.fixedEdges; preproc.outOfEllipse.fixedPaths; preproc.outOfEllipse.blockedArcs; preproc.outOfEllipse.blockedEdges; preproc.outOfEllipse.time; preproc.excludedByEllipse.fixedArcs; preproc.excludedByEllipse.fixedEdges; preproc.excludedByEllipse.fixedPaths; preproc.excludedByEllipse.blockedArcs; preproc.excludedByEllipse.blockedEdges; preproc.excludedByEllipse.time; preproc.fixUniquePath.fixedArcs; preproc.fixUniquePath.fixedEdges; preproc.fixUniquePath.fixedPaths; preproc.fixUniquePath.blockedArcs; preproc.fixUniquePath.blockedEdges; preproc.fixUniquePath.time; preproc.fixNotCrossed.fixedArcs; preproc.fixNotCrossed.fixedEdges; preproc.fixNotCrossed.fixedPaths; preproc.fixNotCrossed.blockedArcs; preproc.fixNotCrossed.blockedEdges; preproc.fixNotCrossed.time; solFile
/home/abrandt/src/dilation/instancias/uniform/uniform_010_00.in; g_s_dryRun; Unknown; 1.0000000000000000e+00; 1.7976931348623157e+308; 1.7976931348623157e+308; 5.6309700012207031e-03; 0.0000000000000000e+00; 3.8738965988159180e-02; 4051; 4051; 0;0; 2683; 18549; 1.3053310000000000e+00; 1.0000000000000000e+00; 0; 0; 0; 0; 0; 0.000; 0; 0; 0; 0; 0; 0.000; 0; 0; 0; 0; 0; 0.000; 0; 0; 0; 0; 0; 0.000; 0; 0; 0; 0; 0; 0.000; 1.3053310000000000e+00
/home/abrandt/src/dilation/instancias/uniform/uniform_010_01.in; g_s_dryRun; Unknown; 1.0000000000000000e+00; 1.7976931348623157e+308; 1.7976931348623157e+308; 5.5308341979980469e-03; 0.0000000000000000e+00; 4.7668933868408203e-02; 4051; 4051; 0;0; 2688; 18559; 1.3175589999999999e+00; 1.0000000000000000e+00; 0; 0; 0; 0; 0; 0.000; 0; 0; 0; 0; 0; 0.000; 0; 0; 0; 0; 0; 0.000; 0; 0; 0; 0; 0; 0.000; 0; 0; 0; 0; 0; 0.000; 1.3175589999999999e+00
/home/abrandt/src/dilation/instancias/uniform/uniform_010_02.in; g_s_dryRun; Unknown; 1.0000000000000000e+00; 1.7976931348623157e+308; 1.7976931348623157e+308; 5.4860115051269531e-03; 0.0000000000000000e+00; 3.7806987762451172e-02; 4051; 4051; 0;0; 2686; 18555; 1.2582059999999999e+00; 1.0000000000000000e+00; 0; 0; 0; 0; 0; 0.000; 0; 0; 0; 0; 0; 0.000; 0; 0; 0; 0; 0; 0.000; 0; 0; 0; 0; 0; 0.000; 0; 0; 0; 0; 0; 0.000; 1.2582059999999999e+00
/home/abrandt/src/dilation/instancias/uniform/uniform_010_03.in; g_s_dryRun; Unknown; 1.0000000000000000e+00; 1.7976931348623157e+308; 1.7976931348623157e+308; 5.5670738220214844e-03; 0.0000000000000000e+00; 4.6147108078002930e-02; 4051; 4051; 0;0; 2666; 18515; 1.2253200000000000e+00; 1.0000000000000000e+00; 0; 0; 0; 0; 0; 0.000; 0; 0; 0; 0; 0; 0.000; 0; 0; 0; 0; 0; 0.000; 0; 0; 0; 0; 0; 0.000; 0; 0; 0; 0; 0; 0.000; 1.2253200000000000e+00
/home/abrandt/src/dilation/instancias/uniform/uniform_010_04.in; g_s_dryRun; Unknown; 1.0000000000000000e+00; 1.7976931348623157e+308; 1.7976931348623157e+308; 5.5520534515380859e-03; 0.0000000000000000e+00; 4.0324926376342773e-02; 4051; 4051; 0;0; 2675; 18533; 1.2111609999999999e+00; 1.0000000000000000e+00; 0; 0; 0; 0; 0; 0.000; 0; 0; 0; 0; 0; 0.000; 0; 0; 0; 0; 0; 0.000; 0; 0; 0; 0; 0; 0.000; 0; 0; 0; 0; 0; 0.000; 1.2111609999999999e+00
/home/abrandt/src/dilation/instancias/uniform/uniform_010_05.in; g_s_dryRun; Unknown; 1.0000000000000000e+00; 1.7976931348623157e+308; 1.7976931348623157e+308; 5.5949687957763672e-03; 0.0000000000000000e+00; 4.6520948410034180e-02; 4051; 4051; 0;0; 2666; 18515; 1.1984809999999999e+00; 1.0000000000000000e+00; 0; 0; 0; 0; 0; 0.000; 0; 0; 0; 0; 0; 0.000; 0; 0; 0; 0; 0; 0.000; 0; 0; 0; 0; 0; 0.000; 0; 0; 0; 0; 0; 0.000; 1.1984809999999999e+00
/home/abrandt/src/dilation/instancias/uniform/uniform_010_06.in; g_s_dryRun; Unknown; 1.0000000000000000e+00; 1.7976931348623157e+308; 1.7976931348623157e+308; 5.4728984832763672e-03; 0.0000000000000000e+00; 3.9011001586914062e-02; 4051; 4051; 0;0; 2679; 18541; 1.1593480000000000e+00; 1.0000000000000000e+00; 0; 0; 0; 0; 0; 0.000; 0; 0; 0; 0; 0; 0.000; 0; 0; 0; 0; 0; 0.000; 0; 0; 0; 0; 0; 0.000; 0; 0; 0; 0; 0; 0.000; 1.1593480000000000e+00
/home/abrandt/src/dilation/instancias/uniform/uniform_010_07.in; g_s_dryRun; Unknown; 1.0000000000000000e+00; 1.7976931348623157e+308; 1.7976931348623157e+308; 5.5959224700927734e-03; 0.0000000000000000e+00; 4.6557903289794922e-02; 4051; 4051; 0;0; 2669; 18521; 1.2043520000000001e+00; 1.0000000000000000e+00; 0; 0; 0; 0; 0; 0.000; 0; 0; 0; 0; 0; 0.000; 0; 0; 0; 0; 0; 0.000; 0; 0; 0; 0; 0; 0.000; 0; 0; 0; 0; 0; 0.000; 1.2043520000000001e+00
/home/abrandt/src/dilation/instancias/uniform/uniform_010_08.in; g_s_dryRun; Unknown; 1.0000000000000000e+00; 1.7976931348623157e+308; 1.7976931348623157e+308; 5.5580139160156250e-03; 0.0000000000000000e+00; 3.9561033248901367e-02; 4051; 4051; 0;0; 2669; 18521; 1.1942269999999999e+00; 1.0000000000000000e+00; 0; 0; 0; 0; 0; 0.000; 0; 0; 0; 0; 0; 0.000; 0; 0; 0; 0; 0; 0.000; 0; 0; 0; 0; 0; 0.000; 0; 0; 0; 0; 0; 0.000; 1.1942269999999999e+00
/home/abrandt/src/dilation/instancias/uniform/uniform_010_09.in; g_s_dryRun; Unknown; 1.0000000000000000e+00; 1.7976931348623157e+308; 1.7976931348623157e+308; 5.6331157684326172e-03; 0.0000000000000000e+00; 4.6591997146606445e-02; 4051; 4051; 0;0; 2673; 18529; 1.1442559999999999e+00; 1.0000000000000000e+00; 0; 0; 0; 0; 0; 0.000; 0; 0; 0; 0; 0; 0.000; 0; 0; 0; 0; 0; 0.000; 0; 0; 0; 0; 0; 0.000; 0; 0; 0; 0; 0; 0.000; 1.1442559999999999e+00
/home/abrandt/src/dilation/instancias/uniform/uniform_010_10.in; g_s_dryRun; Unknown; 1.0000000000000000e+00; 1.7976931348623157e+308; 1.7976931348623157e+308; 5.5658817291259766e-03; 0.0000000000000000e+00; 4.6018123626708984e-02; 4051; 4051; 0;0; 2668; 18519; 1.1274610000000000e+00; 1.0000000000000000e+00; 0; 0; 0; 0; 0; 0.000; 0; 0; 0; 0; 0; 0.000; 0; 0; 0; 0; 0; 0.000; 0; 0; 0; 0; 0; 0.000; 0; 0; 0; 0; 0; 0.000; 1.1274610000000000e+00
/home/abrandt/src/dilation/instancias/uniform/uniform_010_11.in; g_s_dryRun; Unknown; 1.0000000000000000e+00; 1.7976931348623157e+308; 1.7976931348623157e+308; 5.7461261749267578e-03; 0.0000000000000000e+00; 4.2317867279052734e-02; 4051; 4051; 0;0; 2651; 18485; 1.1445669999999999e+00; 1.0000000000000000e+00; 0; 0; 0; 0; 0; 0.000; 0; 0; 0; 0; 0; 0.000; 0; 0; 0; 0; 0; 0.000; 0; 0; 0; 0; 0; 0.000; 0; 0; 0; 0; 0; 0.000; 1.1445669999999999e+00
/home/abrandt/src/dilation/instancias/uniform/uniform_010_12.in; g_s_dryRun; Unknown; 1.0000000000000000e+00; 1.7976931348623157e+308; 1.7976931348623157e+308; 5.5820941925048828e-03; 0.0000000000000000e+00; 4.4548034667968750e-02; 4051; 4051; 0;0; 2668; 18519; 1.1864399999999999e+00; 1.0000000000000000e+00; 0; 0; 0; 0; 0; 0.000; 0; 0; 0; 0; 0; 0.000; 0; 0; 0; 0; 0; 0.000; 0; 0; 0; 0; 0; 0.000; 0; 0; 0; 0; 0; 0.000; 1.1864399999999999e+00
/home/abrandt/src/dilation/instancias/uniform/uniform_010_13.in; g_s_dryRun; Unknown; 1.0000000000000000e+00; 1.7976931348623157e+308; 1.7976931348623157e+308; 5.6040287017822266e-03; 0.0000000000000000e+00; 4.0815830230712891e-02; 4051; 4051; 0;0; 2677; 18537; 1.2291490000000000e+00; 1.0000000000000000e+00; 0; 0; 0; 0; 0; 0.000; 0; 0; 0; 0; 0; 0.000; 0; 0; 0; 0; 0; 0.000; 0; 0; 0; 0; 0; 0.000; 0; 0; 0; 0; 0; 0.000; 1.2291490000000000e+00
/home/abrandt/src/dilation/instancias/uniform/uniform_010_14.in; g_s_dryRun; Unknown; 1.0000000000000000e+00; 1.7976931348623157e+308; 1.7976931348623157e+308; 5.5611133575439453e-03; 0.0000000000000000e+00; 4.3545961380004883e-02; 4051; 4051; 0;0; 2662; 18507; 1.1554739999999999e+00; 1.0000000000000000e+00; 0; 0; 0; 0; 0; 0.000; 0; 0; 0; 0; 0; 0.000; 0; 0; 0; 0; 0; 0.000; 0; 0; 0; 0; 0; 0.000; 0; 0; 0; 0; 0; 0.000; 1.1554739999999999e+00
/home/abrandt/src/dilation/instancias/uniform/uniform_010_15.in; g_s_dryRun; Unknown; 1.0000000000000000e+00; 1.7976931348623157e+308; 1.7976931348623157e+308; 5.5859088897705078e-03; 0.0000000000000000e+00; 4.2644977569580078e-02; 4051; 4051; 0;0; 2654; 18491; 1.1569339999999999e+00; 1.0000000000000000e+00; 0; 0; 0; 0; 0; 0.000; 0; 0; 0; 0; 0; 0.000; 0; 0; 0; 0; 0; 0.000; 0; 0; 0; 0; 0; 0.000; 0; 0; 0; 0; 0; 0.000; 1.1569339999999999e+00
/home/abrandt/src/dilation/instancias/uniform/uniform_010_16.in; g_s_dryRun; Unknown; 1.0000000000000000e+00; 1.7976931348623157e+308; 1.7976931348623157e+308; 5.4888725280761719e-03; 0.0000000000000000e+00; 4.3443202972412109e-02; 4051; 4051; 0;0; 2684; 18551; 1.1583589999999999e+00; 1.0000000000000000e+00; 0; 0; 0; 0; 0; 0.000; 0; 0; 0; 0; 0; 0.000; 0; 0; 0; 0; 0; 0.000; 0; 0; 0; 0; 0; 0.000; 0; 0; 0; 0; 0; 0.000; 1.1583589999999999e+00
/home/abrandt/src/dilation/instancias/uniform/uniform_010_17.in; g_s_dryRun; Unknown; 1.0000000000000000e+00; 1.7976931348623157e+308; 1.7976931348623157e+308; 5.5129528045654297e-03; 0.0000000000000000e+00; 3.9826869964599609e-02; 4051; 4051; 0;0; 2684; 18551; 1.2061010000000001e+00; 1.0000000000000000e+00; 0; 0; 0; 0; 0; 0.000; 0; 0; 0; 0; 0; 0.000; 0; 0; 0; 0; 0; 0.000; 0; 0; 0; 0; 0; 0.000; 0; 0; 0; 0; 0; 0.000; 1.2061010000000001e+00
/home/abrandt/src/dilation/instancias/uniform/uniform_010_18.in; g_s_dryRun; Unknown; 1.0000000000000000e+00; 1.7976931348623157e+308; 1.7976931348623157e+308; 5.5420398712158203e-03; 0.0000000000000000e+00; 4.3236017227172852e-02; 4051; 4051; 0;0; 2685; 18553; 1.1637780000000000e+00; 1.0000000000000000e+00; 0; 0; 0; 0; 0; 0.000; 0; 0; 0; 0; 0; 0.000; 0; 0; 0; 0; 0; 0.000; 0; 0; 0; 0; 0; 0.000; 0; 0; 0; 0; 0; 0.000; 1.1637780000000000e+00
/home/abrandt/src/dilation/instancias/uniform/uniform_010_19.in; g_s_dryRun; Unknown; 1.0000000000000000e+00; 1.7976931348623157e+308; 1.7976931348623157e+308; 5.5639743804931641e-03; 0.0000000000000000e+00; 4.3099880218505859e-02; 4051; 4051; 0;0; 2650; 18483; 1.1504680000000000e+00; 1.0000000000000000e+00; 0; 0; 0; 0; 0; 0.000; 0; 0; 0; 0; 0; 0.000; 0; 0; 0; 0; 0; 0.000; 0; 0; 0; 0; 0; 0.000; 0; 0; 0; 0; 0; 0.000; 1.1504680000000000e+00
/home/abrandt/src/dilation/instancias/uniform/uniform_010_20.in; g_s_dryRun; Unknown; 1.0000000000000000e+00; 1.7976931348623157e+308; 1.7976931348623157e+308; 5.5551528930664062e-03; 0.0000000000000000e+00; 4.5501947402954102e-02; 4051; 4051; 0;0; 2638; 18459; 1.1356250000000001e+00; 1.0000000000000000e+00; 0; 0; 0; 0; 0; 0.000; 0; 0; 0; 0; 0; 0.000; 0; 0; 0; 0; 0; 0.000; 0; 0; 0; 0; 0; 0.000; 0; 0; 0; 0; 0; 0.000; 1.1356250000000001e+00
/home/abrandt/src/dilation/instancias/uniform/uniform_010_21.in; g_s_dryRun; Unknown; 1.0000000000000000e+00; 1.7976931348623157e+308; 1.7976931348623157e+308; 5.5301189422607422e-03; 0.0000000000000000e+00; 3.9777994155883789e-02; 4051; 4051; 0;0; 2692; 18567; 1.2241460000000000e+00; 1.0000000000000000e+00; 0; 0; 0; 0; 0; 0.000; 0; 0; 0; 0; 0; 0.000; 0; 0; 0; 0; 0; 0.000; 0; 0; 0; 0; 0; 0.000; 0; 0; 0; 0; 0; 0.000; 1.2241460000000000e+00
/home/abrandt/src/dilation/instancias/uniform/uniform_010_22.in; g_s_dryRun; Unknown; 1.0000000000000000e+00; 1.7976931348623157e+308; 1.7976931348623157e+308; 5.6831836700439453e-03; 0.0000000000000000e+00; 4.2840003967285156e-02; 4051; 4051; 0;0; 2695; 18573; 1.1855370000000001e+00; 1.0000000000000000e+00; 0; 0; 0; 0; 0; 0.000; 0; 0; 0; 0; 0; 0.000; 0; 0; 0; 0; 0; 0.000; 0; 0; 0; 0; 0; 0.000; 0; 0; 0; 0; 0; 0.000; 1.1855370000000001e+00
/home/abrandt/src/dilation/instancias/uniform/uniform_010_23.in; g_s_dryRun; Unknown; 1.0000000000000000e+00; 1.7976931348623157e+308; 1.7976931348623157e+308; 5.6209564208984375e-03; 0.0000000000000000e+00; 4.3595075607299805e-02; 4051; 4051; 0;0; 2643; 18469; 1.1829310000000000e+00; 1.0000000000000000e+00; 0; 0; 0; 0; 0; 0.000; 0; 0; 0; 0; 0; 0.000; 0; 0; 0; 0; 0; 0.000; 0; 0; 0; 0; 0; 0.000; 0; 0; 0; 0; 0; 0.000; 1.1829310000000000e+00
/home/abrandt/src/dilation/instancias/uniform/uniform_010_24.in; g_s_dryRun; Unknown; 1.0000000000000000e+00; 1.7976931348623157e+308; 1.7976931348623157e+308; 5.6018829345703125e-03; 0.0000000000000000e+00; 4.6271085739135742e-02; 4051; 4051; 0;0; 2661; 18505; 1.2038120000000001e+00; 1.0000000000000000e+00; 0; 0; 0; 0; 0; 0.000; 0; 0; 0; 0; 0; 0.000; 0; 0; 0; 0; 0; 0.000; 0; 0; 0; 0; 0; 0.000; 0; 0; 0; 0; 0; 0.000; 1.2038120000000001e+00
/home/abrandt/src/dilation/instancias/uniform/uniform_010_25.in; g_s_dryRun; Unknown; 1.0000000000000000e+00; 1.7976931348623157e+308; 1.7976931348623157e+308; 5.6459903717041016e-03; 0.0000000000000000e+00; 4.6576023101806641e-02; 4051; 4051; 0;0; 2654; 18491; 1.1809790000000000e+00; 1.0000000000000000e+00; 0; 0; 0; 0; 0; 0.000; 0; 0; 0; 0; 0; 0.000; 0; 0; 0; 0; 0; 0.000; 0; 0; 0; 0; 0; 0.000; 0; 0; 0; 0; 0; 0.000; 1.1809790000000000e+00
/home/abrandt/src/dilation/instancias/uniform/uniform_010_26.in; g_s_dryRun; Unknown; 1.0000000000000000e+00; 1.7976931348623157e+308; 1.7976931348623157e+308; 5.6169033050537109e-03; 0.0000000000000000e+00; 4.1224002838134766e-02; 4051; 4051; 0;0; 2669; 18521; 1.1808770000000000e+00; 1.0000000000000000e+00; 0; 0; 0; 0; 0; 0.000; 0; 0; 0; 0; 0; 0.000; 0; 0; 0; 0; 0; 0.000; 0; 0; 0; 0; 0; 0.000; 0; 0; 0; 0; 0; 0.000; 1.1808770000000000e+00
/home/abrandt/src/dilation/instancias/uniform/uniform_010_27.in; g_s_dryRun; Unknown; 1.0000000000000000e+00; 1.7976931348623157e+308; 1.7976931348623157e+308; 5.6118965148925781e-03; 0.0000000000000000e+00; 4.6033143997192383e-02; 4051; 4051; 0;0; 2676; 18535; 1.2158240000000000e+00; 1.0000000000000000e+00; 0; 0; 0; 0; 0; 0.000; 0; 0; 0; 0; 0; 0.000; 0; 0; 0; 0; 0; 0.000; 0; 0; 0; 0; 0; 0.000; 0; 0; 0; 0; 0; 0.000; 1.2158240000000000e+00
/home/abrandt/src/dilation/instancias/uniform/uniform_010_28.in; g_s_dryRun; Unknown; 1.0000000000000000e+00; 1.7976931348623157e+308; 1.7976931348623157e+308; 5.5301189422607422e-03; 0.0000000000000000e+00; 4.5913934707641602e-02; 4051; 4051; 0;0; 2680; 18543; 1.1761509999999999e+00; 1.0000000000000000e+00; 0; 0; 0; 0; 0; 0.000; 0; 0; 0; 0; 0; 0.000; 0; 0; 0; 0; 0; 0.000; 0; 0; 0; 0; 0; 0.000; 0; 0; 0; 0; 0; 0.000; 1.1761509999999999e+00
/home/abrandt/src/dilation/instancias/uniform/uniform_010_29.in; g_s_dryRun; Unknown; 1.0000000000000000e+00; 1.7976931348623157e+308; 1.7976931348623157e+308; 5.5530071258544922e-03; 0.0000000000000000e+00; 4.1226863861083984e-02; 4051; 4051; 0;0; 2644; 18471; 1.1589719999999999e+00; 1.0000000000000000e+00; 0; 0; 0; 0; 0; 0.000; 0; 0; 0; 0; 0; 0.000; 0; 0; 0; 0; 0; 0.000; 0; 0; 0; 0; 0; 0.000; 0; 0; 0; 0; 0; 0.000; 1.1589719999999999e+00
/home/abrandt/src/dilation/instancias/uniform/uniform_020_00.in; g_s_dryRun; Unknown; 1.0000000000000000e+00; 1.7976931348623157e+308; 1.7976931348623157e+308; 1.1105680465698242e-01; 0.0000000000000000e+00; 1.0848860740661621e+00; 72201; 72201; 0;0; 43405; 331528; 1.3106960000000001e+00; 1.0000000000000000e+00; 0; 0; 0; 0; 0; 0.000; 0; 0; 0; 0; 0; 0.000; 0; 0; 0; 0; 0; 0.000; 0; 0; 0; 0; 0; 0.000; 0; 0; 0; 0; 0; 0.000; 1.3106960000000001e+00
/home/abrandt/src/dilation/instancias/uniform/uniform_020_01.in; g_s_dryRun; Unknown; 1.0000000000000000e+00; 1.7976931348623157e+308; 1.7976931348623157e+308; 1.1073994636535645e-01; 0.0000000000000000e+00; 1.1221461296081543e+00; 72201; 72201; 0;0; 43504; 331726; 1.2046319999999999e+00; 1.0000000000000000e+00; 0; 0; 0; 0; 0; 0.000; 0; 0; 0; 0; 0; 0.000; 0; 0; 0; 0; 0; 0.000; 0; 0; 0; 0; 0; 0.000; 0; 0; 0; 0; 0; 0.000; 1.2046319999999999e+00
/home/abrandt/src/dilation/instancias/uniform/uniform_020_02.in; g_s_dryRun; Unknown; 1.0000000000000000e+00; 1.7976931348623157e+308; 1.7976931348623157e+308; 1.1118817329406738e-01; 0.0000000000000000e+00; 1.1031198501586914e+00; 72201; 72201; 0;0; 43516; 331750; 1.2540260000000001e+00; 1.0000000000000000e+00; 0; 0; 0; 0; 0; 0.000; 0; 0; 0; 0; 0; 0.000; 0; 0; 0; 0; 0; 0.000; 0; 0; 0; 0; 0; 0.000; 0; 0; 0; 0; 0; 0.000; 1.2540260000000001e+00
/home/abrandt/src/dilation/instancias/uniform/uniform_020_03.in; g_s_dryRun; Unknown; 1.0000000000000000e+00; 1.7976931348623157e+308; 1.7976931348623157e+308; 1.1255002021789551e-01; 0.0000000000000000e+00; 1.1099910736083984e+00; 72201; 72201; 0;0; 43650; 332018; 1.2800430000000000e+00; 1.0000000000000000e+00; 0; 0; 0; 0; 0; 0.000; 0; 0; 0; 0; 0; 0.000; 0; 0; 0; 0; 0; 0.000; 0; 0; 0; 0; 0; 0.000; 0; 0; 0; 0; 0; 0.000; 1.2800430000000000e+00
/home/abrandt/src/dilation/instancias/uniform/uniform_020_04.in; g_s_dryRun; Unknown; 1.0000000000000000e+00; 1.7976931348623157e+308; 1.7976931348623157e+308; 1.1223912239074707e-01; 0.0000000000000000e+00; 1.1427681446075439e+00; 72201; 72201; 0;0; 43274; 331266; 1.2755080000000001e+00; 1.0000000000000000e+00; 0; 0; 0; 0; 0; 0.000; 0; 0; 0; 0; 0; 0.000; 0; 0; 0; 0; 0; 0.000; 0; 0; 0; 0; 0; 0.000; 0; 0; 0; 0; 0; 0.000; 1.2755080000000001e+00
/home/abrandt/src/dilation/instancias/uniform/uniform_020_05.in; g_s_dryRun; Unknown; 1.0000000000000000e+00; 1.7976931348623157e+308; 1.7976931348623157e+308; 1.1150884628295898e-01; 0.0000000000000000e+00; 1.1370830535888672e+00; 72201; 72201; 0;0; 43607; 331932; 1.3104880000000001e+00; 1.0000000000000000e+00; 0; 0; 0; 0; 0; 0.000; 0; 0; 0; 0; 0; 0.000; 0; 0; 0; 0; 0; 0.000; 0; 0; 0; 0; 0; 0.000; 0; 0; 0; 0; 0; 0.000; 1.3104880000000001e+00
/home/abrandt/src/dilation/instancias/uniform/uniform_020_06.in; g_s_dryRun; Unknown; 1.0000000000000000e+00; 1.7976931348623157e+308; 1.7976931348623157e+308; 1.1228799819946289e-01; 0.0000000000000000e+00; 1.0775129795074463e+00; 72201; 72201; 0;0; 43714; 332146; 1.2640940000000001e+00; 1.0000000000000000e+00; 0; 0; 0; 0; 0; 0.000; 0; 0; 0; 0; 0; 0.000; 0; 0; 0; 0; 0; 0.000; 0; 0; 0; 0; 0; 0.000; 0; 0; 0; 0; 0; 0.000; 1.2640940000000001e+00
/home/abrandt/src/dilation/instancias/uniform/uniform_020_07.in; g_s_dryRun; Unknown; 1.0000000000000000e+00; 1.7976931348623157e+308; 1.7976931348623157e+308; 1.1107802391052246e-01; 0.0000000000000000e+00; 1.1074521541595459e+00; 72201; 72201; 0;0; 43325; 331368; 1.2362510000000000e+00; 1.0000000000000000e+00; 0; 0; 0; 0; 0; 0.000; 0; 0; 0; 0; 0; 0.000; 0; 0; 0; 0; 0; 0.000; 0; 0; 0; 0; 0; 0.000; 0; 0; 0; 0; 0; 0.000; 1.2362510000000000e+00
/home/abrandt/src/dilation/instancias/uniform/uniform_020_08.in; g_s_dryRun; Unknown; 1.0000000000000000e+00; 1.7976931348623157e+308; 1.7976931348623157e+308; 1.1180782318115234e-01; 0.0000000000000000e+00; 1.1113400459289551e+00; 72201; 72201; 0;0; 43622; 331962; 1.2322630000000001e+00; 1.0000000000000000e+00; 0; 0; 0; 0; 0; 0.000; 0; 0; 0; 0; 0; 0.000; 0; 0; 0; 0; 0; 0.000; 0; 0; 0; 0; 0; 0.000; 0; 0; 0; 0; 0; 0.000; 1.2322630000000001e+00
/home/abrandt/src/dilation/instancias/uniform/uniform_020_09.in; g_s_dryRun; Unknown; 1.0000000000000000e+00; 1.7976931348623157e+308; 1.7976931348623157e+308; 1.1053705215454102e-01; 0.0000000000000000e+00; 1.1104350090026855e+00; 72201; 72201; 0;0; 43444; 331606; 1.2998300000000000e+00; 1.0000000000000000e+00; 0; 0; 0; 0; 0; 0.000; 0; 0; 0; 0; 0; 0.000; 0; 0; 0; 0; 0; 0.000; 0; 0; 0; 0; 0; 0.000; 0; 0; 0; 0; 0; 0.000; 1.2998300000000000e+00
/home/abrandt/src/dilation/instancias/uniform/uniform_020_10.in; g_s_dryRun; Unknown; 1.0000000000000000e+00; 1.7976931348623157e+308; 1.7976931348623157e+308; 1.1036801338195801e-01; 0.0000000000000000e+00; 1.0868670940399170e+00; 72201; 72201; 0;0; 43205; 331128; 1.2850239999999999e+00; 1.0000000000000000e+00; 0; 0; 0; 0; 0; 0.000; 0; 0; 0; 0; 0; 0.000; 0; 0; 0; 0; 0; 0.000; 0; 0; 0; 0; 0; 0.000; 0; 0; 0; 0; 0; 0.000; 1.2850239999999999e+00
/home/abrandt/src/dilation/instancias/uniform/uniform_020_11.in; g_s_dryRun; Unknown; 1.0000000000000000e+00; 1.7976931348623157e+308; 1.7976931348623157e+308; 1.1116814613342285e-01; 0.0000000000000000e+00; 1.1448919773101807e+00; 72201; 72201; 0;0; 43217; 331152; 1.2531909999999999e+00; 1.0000000000000000e+00; 0; 0; 0; 0; 0; 0.000; 0; 0; 0; 0; 0; 0.000; 0; 0; 0; 0; 0; 0.000; 0; 0; 0; 0; 0; 0.000; 0; 0; 0; 0; 0; 0.000; 1.2531909999999999e+00
/home/abrandt/src/dilation/instancias/uniform/uniform_020_12.in; g_s_dryRun; Unknown; 1.0000000000000000e+00; 1.7976931348623157e+308; 1.7976931348623157e+308; 1.1189889907836914e-01; 0.0000000000000000e+00; 1.1076540946960449e+00; 72201; 72201; 0;0; 43593; 331904; 1.2509239999999999e+00; 1.0000000000000000e+00; 0; 0; 0; 0; 0; 0.000; 0; 0; 0; 0; 0; 0.000; 0; 0; 0; 0; 0; 0.000; 0; 0; 0; 0; 0; 0.000; 0; 0; 0; 0; 0; 0.000; 1.2509239999999999e+00
/home/abrandt/src/dilation/instancias/uniform/uniform_020_13.in; g_s_dryRun; Unknown; 1.0000000000000000e+00; 1.7976931348623157e+308; 1.7976931348623157e+308; 1.1032009124755859e-01; 0.0000000000000000e+00; 1.1063179969787598e+00; 72201; 72201; 0;0; 43402; 331522; 1.2715959999999999e+00; 1.0000000000000000e+00; 0; 0; 0; 0; 0; 0.000; 0; 0; 0; 0; 0; 0.000; 0; 0; 0; 0; 0; 0.000; 0; 0; 0; 0; 0; 0.000; 0; 0; 0; 0; 0; 0.000; 1.2715959999999999e+00
/home/abrandt/src/dilation/instancias/uniform/uniform_020_14.in; g_s_dryRun; Unknown; 1.0000000000000000e+00; 1.7976931348623157e+308; 1.7976931348623157e+308; 1.1102700233459473e-01; 0.0000000000000000e+00; 1.1247799396514893e+00; 72201; 72201; 0;0; 43265; 331248; 1.3191889999999999e+00; 1.0000000000000000e+00; 0; 0; 0; 0; 0; 0.000; 0; 0; 0; 0; 0; 0.000; 0; 0; 0; 0; 0; 0.000; 0; 0; 0; 0; 0; 0.000; 0; 0; 0; 0; 0; 0.000; 1.3191889999999999e+00
/home/abrandt/src/dilation/instancias/uniform/uniform_020_15.in; g_s_dryRun; Unknown; 1.0000000000000000e+00; 1.7976931348623157e+308; 1.7976931348623157e+308; 1.1077308654785156e-01; 0.0000000000000000e+00; 1.0832481384277344e+00; 72201; 72201; 0;0; 43532; 331782; 1.2401990000000001e+00; 1.0000000000000000e+00; 0; 0; 0; 0; 0; 0.000; 0; 0; 0; 0; 0; 0.000; 0; 0; 0; 0; 0; 0.000; 0; 0; 0; 0; 0; 0.000; 0; 0; 0; 0; 0; 0.000; 1.2401990000000001e+00
/home/abrandt/src/dilation/instancias/uniform/uniform_020_16.in; g_s_dryRun; Unknown; 1.0000000000000000e+00; 1.7976931348623157e+308; 1.7976931348623157e+308; 1.1197686195373535e-01; 0.0000000000000000e+00; 1.1115581989288330e+00; 72201; 72201; 0;0; 43522; 331762; 1.3129210000000000e+00; 1.0000000000000000e+00; 0; 0; 0; 0; 0; 0.000; 0; 0; 0; 0; 0; 0.000; 0; 0; 0; 0; 0; 0.000; 0; 0; 0; 0; 0; 0.000; 0; 0; 0; 0; 0; 0.000; 1.3129210000000000e+00
/home/abrandt/src/dilation/instancias/uniform/uniform_020_17.in; g_s_dryRun; Unknown; 1.0000000000000000e+00; 1.7976931348623157e+308; 1.7976931348623157e+308; 1.1075210571289062e-01; 0.0000000000000000e+00; 1.1320850849151611e+00; 72201; 72201; 0;0; 43241; 331200; 1.2484540000000000e+00; 1.0000000000000000e+00; 0; 0; 0; 0; 0; 0.000; 0; 0; 0; 0; 0; 0.000; 0; 0; 0; 0; 0; 0.000; 0; 0; 0; 0; 0; 0.000; 0; 0; 0; 0; 0; 0.000; 1.2484540000000000e+00
/home/abrandt/src/dilation/instancias/uniform/uniform_020_18.in; g_s_dryRun; Unknown; 1.0000000000000000e+00; 1.7976931348623157e+308; 1.7976931348623157e+308; 1.1095595359802246e-01; 0.0000000000000000e+00; 1.1130068302154541e+00; 72201; 72201; 0;0; 43532; 331782; 1.3166789999999999e+00; 1.0000000000000000e+00; 0; 0; 0; 0; 0; 0.000; 0; 0; 0; 0; 0; 0.000; 0; 0; 0; 0; 0; 0.000; 0; 0; 0; 0; 0; 0.000; 0; 0; 0; 0; 0; 0.000; 1.3166789999999999e+00
/home/abrandt/src/dilation/instancias/uniform/uniform_020_19.in; g_s_dryRun; Unknown; 1.0000000000000000e+00; 1.7976931348623157e+308; 1.7976931348623157e+308; 1.1091685295104980e-01; 0.0000000000000000e+00; 1.1140201091766357e+00; 72201; 72201; 0;0; 43245; 331208; 1.2921510000000000e+00; 1.0000000000000000e+00; 0; 0; 0; 0; 0; 0.000; 0; 0; 0; 0; 0; 0.000; 0; 0; 0; 0; 0; 0.000; 0; 0; 0; 0; 0; 0.000; 0; 0; 0; 0; 0; 0.000; 1.2921510000000000e+00
/home/abrandt/src/dilation/instancias/uniform/uniform_020_20.in; g_s_dryRun; Unknown; 1.0000000000000000e+00; 1.7976931348623157e+308; 1.7976931348623157e+308; 1.1096000671386719e-01; 0.0000000000000000e+00; 1.1423609256744385e+00; 72201; 72201; 0;0; 43301; 331320; 1.3139840000000000e+00; 1.0000000000000000e+00; 0; 0; 0; 0; 0; 0.000; 0; 0; 0; 0; 0; 0.000; 0; 0; 0; 0; 0; 0.000; 0; 0; 0; 0; 0; 0.000; 0; 0; 0; 0; 0; 0.000; 1.3139840000000000e+00
/home/abrandt/src/dilation/instancias/uniform/uniform_020_21.in; g_s_dryRun; Unknown; 1.0000000000000000e+00; 1.7976931348623157e+308; 1.7976931348623157e+308; 1.1125802993774414e-01; 0.0000000000000000e+00; 1.1080780029296875e+00; 72201; 72201; 0;0; 43373; 331464; 1.2905370000000000e+00; 1.0000000000000000e+00; 0; 0; 0; 0; 0; 0.000; 0; 0; 0; 0; 0; 0.000; 0; 0; 0; 0; 0; 0.000; 0; 0; 0; 0; 0; 0.000; 0; 0; 0; 0; 0; 0.000; 1.2905370000000000e+00
/home/abrandt/src/dilation/instancias/uniform/uniform_020_22.in; g_s_dryRun; Unknown; 1.0000000000000000e+00; 1.7976931348623157e+308; 1.7976931348623157e+308; 1.1146903038024902e-01; 0.0000000000000000e+00; 1.1040039062500000e+00; 72201; 72201; 0;0; 43638; 331994; 1.3422600000000000e+00; 1.0000000000000000e+00; 0; 0; 0; 0; 0; 0.000; 0; 0; 0; 0; 0; 0.000; 0; 0; 0; 0; 0; 0.000; 0; 0; 0; 0; 0; 0.000; 0; 0; 0; 0; 0; 0.000; 1.3422600000000000e+00
/home/abrandt/src/dilation/instancias/uniform/uniform_020_23.in; g_s_dryRun; Unknown; 1.0000000000000000e+00; 1.7976931348623157e+308; 1.7976931348623157e+308; 1.1159300804138184e-01; 0.0000000000000000e+00; 1.0915470123291016e+00; 72201; 72201; 0;0; 43700; 332118; 1.2765850000000001e+00; 1.0000000000000000e+00; 0; 0; 0; 0; 0; 0.000; 0; 0; 0; 0; 0; 0.000; 0; 0; 0; 0; 0; 0.000; 0; 0; 0; 0; 0; 0.000; 0; 0; 0; 0; 0; 0.000; 1.2765850000000001e+00
/home/abrandt/src/dilation/instancias/uniform/uniform_020_24.in; g_s_dryRun; Unknown; 1.0000000000000000e+00; 1.7976931348623157e+308; 1.7976931348623157e+308; 1.1136984825134277e-01; 0.0000000000000000e+00; 1.0824599266052246e+00; 72201; 72201; 0;0; 43239; 331196; 1.2077500000000001e+00; 1.0000000000000000e+00; 0; 0; 0; 0; 0; 0.000; 0; 0; 0; 0; 0; 0.000; 0; 0; 0; 0; 0; 0.000; 0; 0; 0; 0; 0; 0.000; 0; 0; 0; 0; 0; 0.000; 1.2077500000000001e+00
/home/abrandt/src/dilation/instancias/uniform/uniform_020_25.in; g_s_dryRun; Unknown; 1.0000000000000000e+00; 1.7976931348623157e+308; 1.7976931348623157e+308; 1.1216497421264648e-01; 0.0000000000000000e+00; 1.0991110801696777e+00; 72201; 72201; 0;0; 43762; 332242; 1.3553230000000001e+00; 1.0000000000000000e+00; 0; 0; 0; 0; 0; 0.000; 0; 0; 0; 0; 0; 0.000; 0; 0; 0; 0; 0; 0.000; 0; 0; 0; 0; 0; 0.000; 0; 0; 0; 0; 0; 0.000; 1.3553230000000001e+00
/home/abrandt/src/dilation/instancias/uniform/uniform_020_26.in; g_s_dryRun; Unknown; 1.0000000000000000e+00; 1.7976931348623157e+308; 1.7976931348623157e+308; 1.1177921295166016e-01; 0.0000000000000000e+00; 1.1111900806427002e+00; 72201; 72201; 0;0; 43164; 331046; 1.1750330000000000e+00; 1.0000000000000000e+00; 0; 0; 0; 0; 0; 0.000; 0; 0; 0; 0; 0; 0.000; 0; 0; 0; 0; 0; 0.000; 0; 0; 0; 0; 0; 0.000; 0; 0; 0; 0; 0; 0.000; 1.1750330000000000e+00
/home/abrandt/src/dilation/instancias/uniform/uniform_020_27.in; g_s_dryRun; Unknown; 1.0000000000000000e+00; 1.7976931348623157e+308; 1.7976931348623157e+308; 1.1074900627136230e-01; 0.0000000000000000e+00; 1.0854959487915039e+00; 72201; 72201; 0;0; 43522; 331762; 1.2370669999999999e+00; 1.0000000000000000e+00; 0; 0; 0; 0; 0; 0.000; 0; 0; 0; 0; 0; 0.000; 0; 0; 0; 0; 0; 0.000; 0; 0; 0; 0; 0; 0.000; 0; 0; 0; 0; 0; 0.000; 1.2370669999999999e+00
/home/abrandt/src/dilation/instancias/uniform/uniform_020_28.in; g_s_dryRun; Unknown; 1.0000000000000000e+00; 1.7976931348623157e+308; 1.7976931348623157e+308; 1.1911988258361816e-01; 0.0000000000000000e+00; 1.1184248924255371e+00; 72201; 72201; 0;0; 43457; 331632; 1.2630260000000000e+00; 1.0000000000000000e+00; 0; 0; 0; 0; 0; 0.000; 0; 0; 0; 0; 0; 0.000; 0; 0; 0; 0; 0; 0.000; 0; 0; 0; 0; 0; 0.000; 0; 0; 0; 0; 0; 0.000; 1.2630260000000000e+00
/home/abrandt/src/dilation/instancias/uniform/uniform_020_29.in; g_s_dryRun; Unknown; 1.0000000000000000e+00; 1.7976931348623157e+308; 1.7976931348623157e+308; 1.1184597015380859e-01; 0.0000000000000000e+00; 1.1603710651397705e+00; 72201; 72201; 0;0; 43496; 331710; 1.2770010000000001e+00; 1.0000000000000000e+00; 0; 0; 0; 0; 0; 0.000; 0; 0; 0; 0; 0; 0.000; 0; 0; 0; 0; 0; 0.000; 0; 0; 0; 0; 0; 0.000; 0; 0; 0; 0; 0; 0.000; 1.2770010000000001e+00
/home/abrandt/src/dilation/instancias/uniform/uniform_030_00.in; g_s_dryRun; Unknown; 1.0000000000000000e+00; 1.7976931348623157e+308; 1.7976931348623157e+308; 9.6356892585754395e-01; 0.0000000000000000e+00; 8.2023930549621582e+00; 378451; 378451; 0;0; 220552; 1738707; 1.3143990000000001e+00; 1.0000000000000000e+00; 0; 0; 0; 0; 0; 0.000; 0; 0; 0; 0; 0; 0.000; 0; 0; 0; 0; 0; 0.000; 0; 0; 0; 0; 0; 0.000; 0; 0; 0; 0; 0; 0.000; 1.3143990000000001e+00
/home/abrandt/src/dilation/instancias/uniform/uniform_030_01.in; g_s_dryRun; Unknown; 1.0000000000000000e+00; 1.7976931348623157e+308; 1.7976931348623157e+308; 9.6712303161621094e-01; 0.0000000000000000e+00; 8.0675780773162842e+00; 378451; 378451; 0;0; 222607; 1742817; 1.3113260000000000e+00; 1.0000000000000000e+00; 0; 0; 0; 0; 0; 0.000; 0; 0; 0; 0; 0; 0.000; 0; 0; 0; 0; 0; 0.000; 0; 0; 0; 0; 0; 0.000; 0; 0; 0; 0; 0; 0.000; 1.3113260000000000e+00
/home/abrandt/src/dilation/instancias/uniform/uniform_030_02.in; g_s_dryRun; Unknown; 1.0000000000000000e+00; 1.7976931348623157e+308; 1.7976931348623157e+308; 9.6770596504211426e-01; 0.0000000000000000e+00; 7.9392361640930176e+00; 378451; 378451; 0;0; 221418; 1740439; 1.3191480000000000e+00; 1.0000000000000000e+00; 0; 0; 0; 0; 0; 0.000; 0; 0; 0; 0; 0; 0.000; 0; 0; 0; 0; 0; 0.000; 0; 0; 0; 0; 0; 0.000; 0; 0; 0; 0; 0; 0.000; 1.3191480000000000e+00
/home/abrandt/src/dilation/instancias/uniform/uniform_030_03.in; g_s_dryRun; Unknown; 1.0000000000000000e+00; 1.7976931348623157e+308; 1.7976931348623157e+308; 9.6722722053527832e-01; 0.0000000000000000e+00; 8.3181700706481934e+00; 378451; 378451; 0;0; 221802; 1741207; 1.3168990000000000e+00; 1.0000000000000000e+00; 0; 0; 0; 0; 0; 0.000; 0; 0; 0; 0; 0; 0.000; 0; 0; 0; 0; 0; 0.000; 0; 0; 0; 0; 0; 0.000; 0; 0; 0; 0; 0; 0.000; 1.3168990000000000e+00
/home/abrandt/src/dilation/instancias/uniform/uniform_030_04.in; g_s_dryRun; Unknown; 1.0000000000000000e+00; 1.7976931348623157e+308; 1.7976931348623157e+308; 9.6993517875671387e-01; 0.0000000000000000e+00; 8.2169649600982666e+00; 378451; 378451; 0;0; 221960; 1741523; 1.3041080000000000e+00; 1.0000000000000000e+00; 0; 0; 0; 0; 0; 0.000; 0; 0; 0; 0; 0; 0.000; 0; 0; 0; 0; 0; 0.000; 0; 0; 0; 0; 0; 0.000; 0; 0; 0; 0; 0; 0.000; 1.3041080000000000e+00
/home/abrandt/src/dilation/instancias/uniform/uniform_030_05.in; g_s_dryRun; Unknown; 1.0000000000000000e+00; 1.7976931348623157e+308; 1.7976931348623157e+308; 9.6326112747192383e-01; 0.0000000000000000e+00; 7.9911201000213623e+00; 378451; 378451; 0;0; 221286; 1740175; 1.2260009999999999e+00; 1.0000000000000000e+00; 0; 0; 0; 0; 0; 0.000; 0; 0; 0; 0; 0; 0.000; 0; 0; 0; 0; 0; 0.000; 0; 0; 0; 0; 0; 0.000; 0; 0; 0; 0; 0; 0.000; 1.2260009999999999e+00
/home/abrandt/src/dilation/instancias/uniform/uniform_030_06.in; g_s_dryRun; Unknown; 1.0000000000000000e+00; 1.7976931348623157e+308; 1.7976931348623157e+308; 9.6594190597534180e-01; 0.0000000000000000e+00; 8.1559689044952393e+00; 378451; 378451; 0;0; 221751; 1741105; 1.2173449999999999e+00; 1.0000000000000000e+00; 0; 0; 0; 0; 0; 0.000; 0; 0; 0; 0; 0; 0.000; 0; 0; 0; 0; 0; 0.000; 0; 0; 0; 0; 0; 0.000; 0; 0; 0; 0; 0; 0.000; 1.2173449999999999e+00
/home/abrandt/src/dilation/instancias/uniform/uniform_030_07.in; g_s_dryRun; Unknown; 1.0000000000000000e+00; 1.7976931348623157e+308; 1.7976931348623157e+308; 9.8534417152404785e-01; 0.0000000000000000e+00; 8.2254571914672852e+00; 378451; 378451; 0;0; 220325; 1738253; 1.2449790000000001e+00; 1.0000000000000000e+00; 0; 0; 0; 0; 0; 0.000; 0; 0; 0; 0; 0; 0.000; 0; 0; 0; 0; 0; 0.000; 0; 0; 0; 0; 0; 0.000; 0; 0; 0; 0; 0; 0.000; 1.2449790000000001e+00
/home/abrandt/src/dilation/instancias/uniform/uniform_030_08.in; g_s_dryRun; Unknown; 1.0000000000000000e+00; 1.7976931348623157e+308; 1.7976931348623157e+308; 9.6823000907897949e-01; 0.0000000000000000e+00; 8.3427100181579590e+00; 378451; 378451; 0;0; 221383; 1740369; 1.3128160000000000e+00; 1.0000000000000000e+00; 0; 0; 0; 0; 0; 0.000; 0; 0; 0; 0; 0; 0.000; 0; 0; 0; 0; 0; 0.000; 0; 0; 0; 0; 0; 0.000; 0; 0; 0; 0; 0; 0.000; 1.3128160000000000e+00
/home/abrandt/src/dilation/instancias/uniform/uniform_030_09.in; g_s_dryRun; Unknown; 1.0000000000000000e+00; 1.7976931348623157e+308; 1.7976931348623157e+308; 9.6769285202026367e-01; 0.0000000000000000e+00; 8.1726188659667969e+00; 378451; 378451; 0;0; 221628; 1740859; 1.2779900000000000e+00; 1.0000000000000000e+00; 0; 0; 0; 0; 0; 0.000; 0; 0; 0; 0; 0; 0.000; 0; 0; 0; 0; 0; 0.000; 0; 0; 0; 0; 0; 0.000; 0; 0; 0; 0; 0; 0.000; 1.2779900000000000e+00
/home/abrandt/src/dilation/instancias/uniform/uniform_030_10.in; g_s_dryRun; Unknown; 1.0000000000000000e+00; 1.7976931348623157e+308; 1.7976931348623157e+308; 9.7441411018371582e-01; 0.0000000000000000e+00; 8.1403698921203613e+00; 378451; 378451; 0;0; 222717; 1743037; 1.2613870000000000e+00; 1.0000000000000000e+00; 0; 0; 0; 0; 0; 0.000; 0; 0; 0; 0; 0; 0.000; 0; 0; 0; 0; 0; 0.000; 0; 0; 0; 0; 0; 0.000; 0; 0; 0; 0; 0; 0.000; 1.2613870000000000e+00
/home/abrandt/src/dilation/instancias/uniform/uniform_030_11.in; g_s_dryRun; Unknown; 1.0000000000000000e+00; 1.7976931348623157e+308; 1.7976931348623157e+308; 9.6910309791564941e-01; 0.0000000000000000e+00; 8.0799369812011719e+00; 378451; 378451; 0;0; 222001; 1741605; 1.3127409999999999e+00; 1.0000000000000000e+00; 0; 0; 0; 0; 0; 0.000; 0; 0; 0; 0; 0; 0.000; 0; 0; 0; 0; 0; 0.000; 0; 0; 0; 0; 0; 0.000; 0; 0; 0; 0; 0; 0.000; 1.3127409999999999e+00
/home/abrandt/src/dilation/instancias/uniform/uniform_030_12.in; g_s_dryRun; Unknown; 1.0000000000000000e+00; 1.7976931348623157e+308; 1.7976931348623157e+308; 9.7043800354003906e-01; 0.0000000000000000e+00; 8.2457978725433350e+00; 378451; 378451; 0;0; 221906; 1741415; 1.3230620000000000e+00; 1.0000000000000000e+00; 0; 0; 0; 0; 0; 0.000; 0; 0; 0; 0; 0; 0.000; 0; 0; 0; 0; 0; 0.000; 0; 0; 0; 0; 0; 0.000; 0; 0; 0; 0; 0; 0.000; 1.3230620000000000e+00
/home/abrandt/src/dilation/instancias/uniform/uniform_030_13.in; g_s_dryRun; Unknown; 1.0000000000000000e+00; 1.7976931348623157e+308; 1.7976931348623157e+308; 9.7242498397827148e-01; 0.0000000000000000e+00; 8.0476841926574707e+00; 378451; 378451; 0;0; 221361; 1740325; 1.2825620000000000e+00; 1.0000000000000000e+00; 0; 0; 0; 0; 0; 0.000; 0; 0; 0; 0; 0; 0.000; 0; 0; 0; 0; 0; 0.000; 0; 0; 0; 0; 0; 0.000; 0; 0; 0; 0; 0; 0.000; 1.2825620000000000e+00
/home/abrandt/src/dilation/instancias/uniform/uniform_030_14.in; g_s_dryRun; Unknown; 1.0000000000000000e+00; 1.7976931348623157e+308; 1.7976931348623157e+308; 9.7253894805908203e-01; 0.0000000000000000e+00; 8.2815749645233154e+00; 378451; 378451; 0;0; 221839; 1741281; 1.3374630000000001e+00; 1.0000000000000000e+00; 0; 0; 0; 0; 0; 0.000; 0; 0; 0; 0; 0; 0.000; 0; 0; 0; 0; 0; 0.000; 0; 0; 0; 0; 0; 0.000; 0; 0; 0; 0; 0; 0.000; 1.3374630000000001e+00
/home/abrandt/src/dilation/instancias/uniform/uniform_030_15.in; g_s_dryRun; Unknown; 1.0000000000000000e+00; 1.7976931348623157e+308; 1.7976931348623157e+308; 9.6643090248107910e-01; 0.0000000000000000e+00; 7.9672210216522217e+00; 378451; 378451; 0;0; 221670; 1740943; 1.3171310000000001e+00; 1.0000000000000000e+00; 0; 0; 0; 0; 0; 0.000; 0; 0; 0; 0; 0; 0.000; 0; 0; 0; 0; 0; 0.000; 0; 0; 0; 0; 0; 0.000; 0; 0; 0; 0; 0; 0.000; 1.3171310000000001e+00
/home/abrandt/src/dilation/instancias/uniform/uniform_030_16.in; g_s_dryRun; Unknown; 1.0000000000000000e+00; 1.7976931348623157e+308; 1.7976931348623157e+308; 9.7361302375793457e-01; 0.0000000000000000e+00; 8.1287100315093994e+00; 378451; 378451; 0;0; 222702; 1743007; 1.3683970000000001e+00; 1.0000000000000000e+00; 0; 0; 0; 0; 0; 0.000; 0; 0; 0; 0; 0; 0.000; 0; 0; 0; 0; 0; 0.000; 0; 0; 0; 0; 0; 0.000; 0; 0; 0; 0; 0; 0.000; 1.3683970000000001e+00
/home/abrandt/src/dilation/instancias/uniform/uniform_030_17.in; g_s_dryRun; Unknown; 1.0000000000000000e+00; 1.7976931348623157e+308; 1.7976931348623157e+308; 9.7146296501159668e-01; 0.0000000000000000e+00; 7.9513401985168457e+00; 378451; 378451; 0;0; 222245; 1742093; 1.2994870000000001e+00; 1.0000000000000000e+00; 0; 0; 0; 0; 0; 0.000; 0; 0; 0; 0; 0; 0.000; 0; 0; 0; 0; 0; 0.000; 0; 0; 0; 0; 0; 0.000; 0; 0; 0; 0; 0; 0.000; 1.2994870000000001e+00
/home/abrandt/src/dilation/instancias/uniform/uniform_030_18.in; g_s_dryRun; Unknown; 1.0000000000000000e+00; 1.7976931348623157e+308; 1.7976931348623157e+308; 9.7519111633300781e-01; 0.0000000000000000e+00; 8.0434269905090332e+00; 378451; 378451; 0;0; 222324; 1742251; 1.2607990000000000e+00; 1.0000000000000000e+00; 0; 0; 0; 0; 0; 0.000; 0; 0; 0; 0; 0; 0.000; 0; 0; 0; 0; 0; 0.000; 0; 0; 0; 0; 0; 0.000; 0; 0; 0; 0; 0; 0.000; 1.2607990000000000e+00
/home/abrandt/src/dilation/instancias/uniform/uniform_030_19.in; g_s_dryRun; Unknown; 1.0000000000000000e+00; 1.7976931348623157e+308; 1.7976931348623157e+308; 9.6495985984802246e-01; 0.0000000000000000e+00; 8.1996982097625732e+00; 378451; 378451; 0;0; 221306; 1740215; 1.2021180000000000e+00; 1.0000000000000000e+00; 0; 0; 0; 0; 0; 0.000; 0; 0; 0; 0; 0; 0.000; 0; 0; 0; 0; 0; 0.000; 0; 0; 0; 0; 0; 0.000; 0; 0; 0; 0; 0; 0.000; 1.2021180000000000e+00
/home/abrandt/src/dilation/instancias/uniform/uniform_030_20.in; g_s_dryRun; Unknown; 1.0000000000000000e+00; 1.7976931348623157e+308; 1.7976931348623157e+308; 9.6451091766357422e-01; 0.0000000000000000e+00; 8.2750689983367920e+00; 378451; 378451; 0;0; 221017; 1739637; 1.2955669999999999e+00; 1.0000000000000000e+00; 0; 0; 0; 0; 0; 0.000; 0; 0; 0; 0; 0; 0.000; 0; 0; 0; 0; 0; 0.000; 0; 0; 0; 0; 0; 0.000; 0; 0; 0; 0; 0; 0.000; 1.2955669999999999e+00
/home/abrandt/src/dilation/instancias/uniform/uniform_030_21.in; g_s_dryRun; Unknown; 1.0000000000000000e+00; 1.7976931348623157e+308; 1.7976931348623157e+308; 9.7193384170532227e-01; 0.0000000000000000e+00; 8.2137200832366943e+00; 378451; 378451; 0;0; 221880; 1741363; 1.2578650000000000e+00; 1.0000000000000000e+00; 0; 0; 0; 0; 0; 0.000; 0; 0; 0; 0; 0; 0.000; 0; 0; 0; 0; 0; 0.000; 0; 0; 0; 0; 0; 0.000; 0; 0; 0; 0; 0; 0.000; 1.2578650000000000e+00
/home/abrandt/src/dilation/instancias/uniform/uniform_030_22.in; g_s_dryRun; Unknown; 1.0000000000000000e+00; 1.7976931348623157e+308; 1.7976931348623157e+308; 9.7065401077270508e-01; 0.0000000000000000e+00; 7.9455120563507080e+00; 378451; 378451; 0;0; 221716; 1741035; 1.3008270000000000e+00; 1.0000000000000000e+00; 0; 0; 0; 0; 0; 0.000; 0; 0; 0; 0; 0; 0.000; 0; 0; 0; 0; 0; 0.000; 0; 0; 0; 0; 0; 0.000; 0; 0; 0; 0; 0; 0.000; 1.3008270000000000e+00
/home/abrandt/src/dilation/instancias/uniform/uniform_030_23.in; g_s_dryRun; Unknown; 1.0000000000000000e+00; 1.7976931348623157e+308; 1.7976931348623157e+308; 9.6439003944396973e-01; 0.0000000000000000e+00; 8.2050209045410156e+00; 378451; 378451; 0;0; 221452; 1740507; 1.2903490000000000e+00; 1.0000000000000000e+00; 0; 0; 0; 0; 0; 0.000; 0; 0; 0; 0; 0; 0.000; 0; 0; 0; 0; 0; 0.000; 0; 0; 0; 0; 0; 0.000; 0; 0; 0; 0; 0; 0.000; 1.2903490000000000e+00
/home/abrandt/src/dilation/instancias/uniform/uniform_030_24.in; g_s_dryRun; Unknown; 1.0000000000000000e+00; 1.7976931348623157e+308; 1.7976931348623157e+308; 9.6929693222045898e-01; 0.0000000000000000e+00; 8.0675079822540283e+00; 378451; 378451; 0;0; 221525; 1740653; 1.3658450000000000e+00; 1.0000000000000000e+00; 0; 0; 0; 0; 0; 0.000; 0; 0; 0; 0; 0; 0.000; 0; 0; 0; 0; 0; 0.000; 0; 0; 0; 0; 0; 0.000; 0; 0; 0; 0; 0; 0.000; 1.3658450000000000e+00
/home/abrandt/src/dilation/instancias/uniform/uniform_030_25.in; g_s_dryRun; Unknown; 1.0000000000000000e+00; 1.7976931348623157e+308; 1.7976931348623157e+308; 9.7866296768188477e-01; 0.0000000000000000e+00; 8.2244410514831543e+00; 378451; 378451; 0;0; 223279; 1744161; 1.2494650000000000e+00; 1.0000000000000000e+00; 0; 0; 0; 0; 0; 0.000; 0; 0; 0; 0; 0; 0.000; 0; 0; 0; 0; 0; 0.000; 0; 0; 0; 0; 0; 0.000; 0; 0; 0; 0; 0; 0.000; 1.2494650000000000e+00
/home/abrandt/src/dilation/instancias/uniform/uniform_030_26.in; g_s_dryRun; Unknown; 1.0000000000000000e+00; 1.7976931348623157e+308; 1.7976931348623157e+308; 9.7088384628295898e-01; 0.0000000000000000e+00; 8.2587418556213379e+00; 378451; 378451; 0;0; 222858; 1743319; 1.3126730000000000e+00; 1.0000000000000000e+00; 0; 0; 0; 0; 0; 0.000; 0; 0; 0; 0; 0; 0.000; 0; 0; 0; 0; 0; 0.000; 0; 0; 0; 0; 0; 0.000; 0; 0; 0; 0; 0; 0.000; 1.3126730000000000e+00
/home/abrandt/src/dilation/instancias/uniform/uniform_030_27.in; g_s_dryRun; Unknown; 1.0000000000000000e+00; 1.7976931348623157e+308; 1.7976931348623157e+308; 9.6088790893554688e-01; 0.0000000000000000e+00; 8.0254929065704346e+00; 378451; 378451; 0;0; 221350; 1740303; 1.2781540000000000e+00; 1.0000000000000000e+00; 0; 0; 0; 0; 0; 0.000; 0; 0; 0; 0; 0; 0.000; 0; 0; 0; 0; 0; 0.000; 0; 0; 0; 0; 0; 0.000; 0; 0; 0; 0; 0; 0.000; 1.2781540000000000e+00
/home/abrandt/src/dilation/instancias/uniform/uniform_030_28.in; g_s_dryRun; Unknown; 1.0000000000000000e+00; 1.7976931348623157e+308; 1.7976931348623157e+308; 9.6234083175659180e-01; 0.0000000000000000e+00; 8.0092921257019043e+00; 378451; 378451; 0;0; 220802; 1739207; 1.2462990000000000e+00; 1.0000000000000000e+00; 0; 0; 0; 0; 0; 0.000; 0; 0; 0; 0; 0; 0.000; 0; 0; 0; 0; 0; 0.000; 0; 0; 0; 0; 0; 0.000; 0; 0; 0; 0; 0; 0.000; 1.2462990000000000e+00
/home/abrandt/src/dilation/instancias/uniform/uniform_030_29.in; g_s_dryRun; Unknown; 1.0000000000000000e+00; 1.7976931348623157e+308; 1.7976931348623157e+308; 9.7345399856567383e-01; 0.0000000000000000e+00; 7.9300329685211182e+00; 378451; 378451; 0;0; 222001; 1741605; 1.2969860000000000e+00; 1.0000000000000000e+00; 0; 0; 0; 0; 0; 0.000; 0; 0; 0; 0; 0; 0.000; 0; 0; 0; 0; 0; 0.000; 0; 0; 0; 0; 0; 0.000; 0; 0; 0; 0; 0; 0.000; 1.2969860000000000e+00
/home/abrandt/src/dilation/instancias/uniform/uniform_040_00.in; g_s_dryRun; Unknown; 1.0000000000000000e+00; 1.7976931348623157e+308; 1.7976931348623157e+308; 5.7430140972137451e+00; 0.0000000000000000e+00; 4.0567787885665894e+01; 1216801; 1216801; 0;0; 702090; 5599018; 1.3391519999999999e+00; 1.0000000000000000e+00; 0; 0; 0; 0; 0; 0.000; 0; 0; 0; 0; 0; 0.000; 0; 0; 0; 0; 0; 0.000; 0; 0; 0; 0; 0; 0.000; 0; 0; 0; 0; 0; 0.000; 1.3391519999999999e+00
/home/abrandt/src/dilation/instancias/uniform/uniform_040_01.in; g_s_dryRun; Unknown; 1.0000000000000000e+00; 1.7976931348623157e+308; 1.7976931348623157e+308; 5.8024849891662598e+00; 0.0000000000000000e+00; 3.9643982172012329e+01; 1216801; 1216801; 0;0; 705389; 5605616; 1.3388910000000001e+00; 1.0000000000000000e+00; 0; 0; 0; 0; 0; 0.000; 0; 0; 0; 0; 0; 0.000; 0; 0; 0; 0; 0; 0.000; 0; 0; 0; 0; 0; 0.000; 0; 0; 0; 0; 0; 0.000; 1.3388910000000001e+00
/home/abrandt/src/dilation/instancias/uniform/uniform_040_02.in; g_s_dryRun; Unknown; 1.0000000000000000e+00; 1.7976931348623157e+308; 1.7976931348623157e+308; 5.7693631649017334e+00; 0.0000000000000000e+00; 4.1293452978134155e+01; 1216801; 1216801; 0;0; 705157; 5605152; 1.2966040000000001e+00; 1.0000000000000000e+00; 0; 0; 0; 0; 0; 0.000; 0; 0; 0; 0; 0; 0.000; 0; 0; 0; 0; 0; 0.000; 0; 0; 0; 0; 0; 0.000; 0; 0; 0; 0; 0; 0.000; 1.2966040000000001e+00
/home/abrandt/src/dilation/instancias/uniform/uniform_040_03.in; g_s_dryRun; Unknown; 1.0000000000000000e+00; 1.7976931348623157e+308; 1.7976931348623157e+308; 5.7772991657257080e+00; 0.0000000000000000e+00; 4.0222831964492798e+01; 1216801; 1216801; 0;0; 703943; 5602724; 1.2798810000000000e+00; 1.0000000000000000e+00; 0; 0; 0; 0; 0; 0.000; 0; 0; 0; 0; 0; 0.000; 0; 0; 0; 0; 0; 0.000; 0; 0; 0; 0; 0; 0.000; 0; 0; 0; 0; 0; 0.000; 1.2798810000000000e+00
/home/abrandt/src/dilation/instancias/uniform/uniform_040_04.in; g_s_dryRun; Unknown; 1.0000000000000000e+00; 1.7976931348623157e+308; 1.7976931348623157e+308; 5.7523519992828369e+00; 0.0000000000000000e+00; 4.1940639019012451e+01; 1216801; 1216801; 0;0; 703400; 5601638; 1.2582620000000000e+00; 1.0000000000000000e+00; 0; 0; 0; 0; 0; 0.000; 0; 0; 0; 0; 0; 0.000; 0; 0; 0; 0; 0; 0.000; 0; 0; 0; 0; 0; 0.000; 0; 0; 0; 0; 0; 0.000; 1.2582620000000000e+00
/home/abrandt/src/dilation/instancias/uniform/uniform_040_05.in; g_s_dryRun; Unknown; 1.0000000000000000e+00; 1.7976931348623157e+308; 1.7976931348623157e+308; 5.7685348987579346e+00; 0.0000000000000000e+00; 4.0388185977935791e+01; 1216801; 1216801; 0;0; 703702; 5602242; 1.3344220000000000e+00; 1.0000000000000000e+00; 0; 0; 0; 0; 0; 0.000; 0; 0; 0; 0; 0; 0.000; 0; 0; 0; 0; 0; 0.000; 0; 0; 0; 0; 0; 0.000; 0; 0; 0; 0; 0; 0.000; 1.3344220000000000e+00
/home/abrandt/src/dilation/instancias/uniform/uniform_040_06.in; g_s_dryRun; Unknown; 1.0000000000000000e+00; 1.7976931348623157e+308; 1.7976931348623157e+308; 5.7956349849700928e+00; 0.0000000000000000e+00; 4.0453874111175537e+01; 1216801; 1216801; 0;0; 710431; 5615700; 1.2636250000000000e+00; 1.0000000000000000e+00; 0; 0; 0; 0; 0; 0.000; 0; 0; 0; 0; 0; 0.000; 0; 0; 0; 0; 0; 0.000; 0; 0; 0; 0; 0; 0.000; 0; 0; 0; 0; 0; 0.000; 1.2636250000000000e+00
/home/abrandt/src/dilation/instancias/uniform/uniform_040_07.in; g_s_dryRun; Unknown; 1.0000000000000000e+00; 1.7976931348623157e+308; 1.7976931348623157e+308; 5.7923371791839600e+00; 0.0000000000000000e+00; 4.1168489933013916e+01; 1216801; 1216801; 0;0; 705546; 5605930; 1.2760469999999999e+00; 1.0000000000000000e+00; 0; 0; 0; 0; 0; 0.000; 0; 0; 0; 0; 0; 0.000; 0; 0; 0; 0; 0; 0.000; 0; 0; 0; 0; 0; 0.000; 0; 0; 0; 0; 0; 0.000; 1.2760469999999999e+00
/home/abrandt/src/dilation/instancias/uniform/uniform_040_08.in; g_s_dryRun; Unknown; 1.0000000000000000e+00; 1.7976931348623157e+308; 1.7976931348623157e+308; 5.7619709968566895e+00; 0.0000000000000000e+00; 4.0582427978515625e+01; 1216801; 1216801; 0;0; 703538; 5601914; 1.2866880000000001e+00; 1.0000000000000000e+00; 0; 0; 0; 0; 0; 0.000; 0; 0; 0; 0; 0; 0.000; 0; 0; 0; 0; 0; 0.000; 0; 0; 0; 0; 0; 0.000; 0; 0; 0; 0; 0; 0.000; 1.2866880000000001e+00
/home/abrandt/src/dilation/instancias/uniform/uniform_040_09.in; g_s_dryRun; Unknown; 1.0000000000000000e+00; 1.7976931348623157e+308; 1.7976931348623157e+308; 5.7629032135009766e+00; 0.0000000000000000e+00; 4.1343271017074585e+01; 1216801; 1216801; 0;0; 703214; 5601266; 1.2672260000000000e+00; 1.0000000000000000e+00; 0; 0; 0; 0; 0; 0.000; 0; 0; 0; 0; 0; 0.000; 0; 0; 0; 0; 0; 0.000; 0; 0; 0; 0; 0; 0.000; 0; 0; 0; 0; 0; 0.000; 1.2672260000000000e+00
/home/abrandt/src/dilation/instancias/uniform/uniform_040_10.in; g_s_dryRun; Unknown; 1.0000000000000000e+00; 1.7976931348623157e+308; 1.7976931348623157e+308; 5.8033638000488281e+00; 0.0000000000000000e+00; 4.1043404817581177e+01; 1216801; 1216801; 0;0; 705658; 5606154; 1.2813330000000001e+00; 1.0000000000000000e+00; 0; 0; 0; 0; 0; 0.000; 0; 0; 0; 0; 0; 0.000; 0; 0; 0; 0; 0; 0.000; 0; 0; 0; 0; 0; 0.000; 0; 0; 0; 0; 0; 0.000; 1.2813330000000001e+00
/home/abrandt/src/dilation/instancias/uniform/uniform_040_11.in; g_s_dryRun; Unknown; 1.0000000000000000e+00; 1.7976931348623157e+308; 1.7976931348623157e+308; 5.7588839530944824e+00; 0.0000000000000000e+00; 3.9865854024887085e+01; 1216801; 1216801; 0;0; 703081; 5601000; 1.3426169999999999e+00; 1.0000000000000000e+00; 0; 0; 0; 0; 0; 0.000; 0; 0; 0; 0; 0; 0.000; 0; 0; 0; 0; 0; 0.000; 0; 0; 0; 0; 0; 0.000; 0; 0; 0; 0; 0; 0.000; 1.3426169999999999e+00
/home/abrandt/src/dilation/instancias/uniform/uniform_040_12.in; g_s_dryRun; Unknown; 1.0000000000000000e+00; 1.7976931348623157e+308; 1.7976931348623157e+308; 5.7583241462707520e+00; 0.0000000000000000e+00; 4.0704870939254761e+01; 1216801; 1216801; 0;0; 700689; 5596216; 1.2452289999999999e+00; 1.0000000000000000e+00; 0; 0; 0; 0; 0; 0.000; 0; 0; 0; 0; 0; 0.000; 0; 0; 0; 0; 0; 0.000; 0; 0; 0; 0; 0; 0.000; 0; 0; 0; 0; 0; 0.000; 1.2452289999999999e+00
/home/abrandt/src/dilation/instancias/uniform/uniform_040_13.in; g_s_dryRun; Unknown; 1.0000000000000000e+00; 1.7976931348623157e+308; 1.7976931348623157e+308; 5.7983980178833008e+00; 0.0000000000000000e+00; 4.1201856136322021e+01; 1216801; 1216801; 0;0; 708927; 5612692; 1.3357250000000001e+00; 1.0000000000000000e+00; 0; 0; 0; 0; 0; 0.000; 0; 0; 0; 0; 0; 0.000; 0; 0; 0; 0; 0; 0.000; 0; 0; 0; 0; 0; 0.000; 0; 0; 0; 0; 0; 0.000; 1.3357250000000001e+00
/home/abrandt/src/dilation/instancias/uniform/uniform_040_14.in; g_s_dryRun; Unknown; 1.0000000000000000e+00; 1.7976931348623157e+308; 1.7976931348623157e+308; 5.8000490665435791e+00; 0.0000000000000000e+00; 4.0727174043655396e+01; 1216801; 1216801; 0;0; 706413; 5607664; 1.3552900000000001e+00; 1.0000000000000000e+00; 0; 0; 0; 0; 0; 0.000; 0; 0; 0; 0; 0; 0.000; 0; 0; 0; 0; 0; 0.000; 0; 0; 0; 0; 0; 0.000; 0; 0; 0; 0; 0; 0.000; 1.3552900000000001e+00
/home/abrandt/src/dilation/instancias/uniform/uniform_040_15.in; g_s_dryRun; Unknown; 1.0000000000000000e+00; 1.7976931348623157e+308; 1.7976931348623157e+308; 5.7263171672821045e+00; 0.0000000000000000e+00; 4.0668630838394165e+01; 1216801; 1216801; 0;0; 701964; 5598766; 1.2812010000000000e+00; 1.0000000000000000e+00; 0; 0; 0; 0; 0; 0.000; 0; 0; 0; 0; 0; 0.000; 0; 0; 0; 0; 0; 0.000; 0; 0; 0; 0; 0; 0.000; 0; 0; 0; 0; 0; 0.000; 1.2812010000000000e+00
/home/abrandt/src/dilation/instancias/uniform/uniform_040_16.in; g_s_dryRun; Unknown; 1.0000000000000000e+00; 1.7976931348623157e+308; 1.7976931348623157e+308; 5.7534101009368896e+00; 0.0000000000000000e+00; 4.1258099079132080e+01; 1216801; 1216801; 0;0; 700726; 5596290; 1.2843359999999999e+00; 1.0000000000000000e+00; 0; 0; 0; 0; 0; 0.000; 0; 0; 0; 0; 0; 0.000; 0; 0; 0; 0; 0; 0.000; 0; 0; 0; 0; 0; 0.000; 0; 0; 0; 0; 0; 0.000; 1.2843359999999999e+00
/home/abrandt/src/dilation/instancias/uniform/uniform_040_17.in; g_s_dryRun; Unknown; 1.0000000000000000e+00; 1.7976931348623157e+308; 1.7976931348623157e+308; 5.7435040473937988e+00; 0.0000000000000000e+00; 4.0397821187973022e+01; 1216801; 1216801; 0;0; 701567; 5597972; 1.2306020000000000e+00; 1.0000000000000000e+00; 0; 0; 0; 0; 0; 0.000; 0; 0; 0; 0; 0; 0.000; 0; 0; 0; 0; 0; 0.000; 0; 0; 0; 0; 0; 0.000; 0; 0; 0; 0; 0; 0.000; 1.2306020000000000e+00
/home/abrandt/src/dilation/instancias/uniform/uniform_040_18.in; g_s_dryRun; Unknown; 1.0000000000000000e+00; 1.7976931348623157e+308; 1.7976931348623157e+308; 5.7502288818359375e+00; 0.0000000000000000e+00; 4.0675674200057983e+01; 1216801; 1216801; 0;0; 704117; 5603072; 1.3064540000000000e+00; 1.0000000000000000e+00; 0; 0; 0; 0; 0; 0.000; 0; 0; 0; 0; 0; 0.000; 0; 0; 0; 0; 0; 0.000; 0; 0; 0; 0; 0; 0.000; 0; 0; 0; 0; 0; 0.000; 1.3064540000000000e+00
/home/abrandt/src/dilation/instancias/uniform/uniform_040_19.in; g_s_dryRun; Unknown; 1.0000000000000000e+00; 1.7976931348623157e+308; 1.7976931348623157e+308; 5.7595939636230469e+00; 0.0000000000000000e+00; 4.1820665836334229e+01; 1216801; 1216801; 0;0; 701964; 5598766; 1.2694479999999999e+00; 1.0000000000000000e+00; 0; 0; 0; 0; 0; 0.000; 0; 0; 0; 0; 0; 0.000; 0; 0; 0; 0; 0; 0.000; 0; 0; 0; 0; 0; 0.000; 0; 0; 0; 0; 0; 0.000; 1.2694479999999999e+00
/home/abrandt/src/dilation/instancias/uniform/uniform_040_20.in; g_s_dryRun; Unknown; 1.0000000000000000e+00; 1.7976931348623157e+308; 1.7976931348623157e+308; 5.7630939483642578e+00; 0.0000000000000000e+00; 4.0624183893203735e+01; 1216801; 1216801; 0;0; 704268; 5603374; 1.2957749999999999e+00; 1.0000000000000000e+00; 0; 0; 0; 0; 0; 0.000; 0; 0; 0; 0; 0; 0.000; 0; 0; 0; 0; 0; 0.000; 0; 0; 0; 0; 0; 0.000; 0; 0; 0; 0; 0; 0.000; 1.2957749999999999e+00
/home/abrandt/src/dilation/instancias/uniform/uniform_040_21.in; g_s_dryRun; Unknown; 1.0000000000000000e+00; 1.7976931348623157e+308; 1.7976931348623157e+308; 5.8152718544006348e+00; 0.0000000000000000e+00; 4.1171277999877930e+01; 1216801; 1216801; 0;0; 707646; 5610130; 1.2839259999999999e+00; 1.0000000000000000e+00; 0; 0; 0; 0; 0; 0.000; 0; 0; 0; 0; 0; 0.000; 0; 0; 0; 0; 0; 0.000; 0; 0; 0; 0; 0; 0.000; 0; 0; 0; 0; 0; 0.000; 1.2839259999999999e+00
/home/abrandt/src/dilation/instancias/uniform/uniform_040_22.in; g_s_dryRun; Unknown; 1.0000000000000000e+00; 1.7976931348623157e+308; 1.7976931348623157e+308; 5.7431240081787109e+00; 0.0000000000000000e+00; 4.1530861139297485e+01; 1216801; 1216801; 0;0; 703963; 5602764; 1.2975260000000000e+00; 1.0000000000000000e+00; 0; 0; 0; 0; 0; 0.000; 0; 0; 0; 0; 0; 0.000; 0; 0; 0; 0; 0; 0.000; 0; 0; 0; 0; 0; 0.000; 0; 0; 0; 0; 0; 0.000; 1.2975260000000000e+00
/home/abrandt/src/dilation/instancias/uniform/uniform_040_23.in; g_s_dryRun; Unknown; 1.0000000000000000e+00; 1.7976931348623157e+308; 1.7976931348623157e+308; 5.7629239559173584e+00; 0.0000000000000000e+00; 4.1228610038757324e+01; 1216801; 1216801; 0;0; 700497; 5595832; 1.2861730000000000e+00; 1.0000000000000000e+00; 0; 0; 0; 0; 0; 0.000; 0; 0; 0; 0; 0; 0.000; 0; 0; 0; 0; 0; 0.000; 0; 0; 0; 0; 0; 0.000; 0; 0; 0; 0; 0; 0.000; 1.2861730000000000e+00
/home/abrandt/src/dilation/instancias/uniform/uniform_040_24.in; g_s_dryRun; Unknown; 1.0000000000000000e+00; 1.7976931348623157e+308; 1.7976931348623157e+308; 5.7234899997711182e+00; 0.0000000000000000e+00; 4.1092324018478394e+01; 1216801; 1216801; 0;0; 698735; 5592308; 1.3202309999999999e+00; 1.0000000000000000e+00; 0; 0; 0; 0; 0; 0.000; 0; 0; 0; 0; 0; 0.000; 0; 0; 0; 0; 0; 0.000; 0; 0; 0; 0; 0; 0.000; 0; 0; 0; 0; 0; 0.000; 1.3202309999999999e+00
/home/abrandt/src/dilation/instancias/uniform/uniform_040_25.in; g_s_dryRun; Unknown; 1.0000000000000000e+00; 1.7976931348623157e+308; 1.7976931348623157e+308; 5.7941830158233643e+00; 0.0000000000000000e+00; 4.0468208789825439e+01; 1216801; 1216801; 0;0; 706827; 5608492; 1.3335300000000001e+00; 1.0000000000000000e+00; 0; 0; 0; 0; 0; 0.000; 0; 0; 0; 0; 0; 0.000; 0; 0; 0; 0; 0; 0.000; 0; 0; 0; 0; 0; 0.000; 0; 0; 0; 0; 0; 0.000; 1.3335300000000001e+00
/home/abrandt/src/dilation/instancias/uniform/uniform_040_26.in; g_s_dryRun; Unknown; 1.0000000000000000e+00; 1.7976931348623157e+308; 1.7976931348623157e+308; 5.7936038970947266e+00; 0.0000000000000000e+00; 4.1284732103347778e+01; 1216801; 1216801; 0;0; 705457; 5605752; 1.2952610000000000e+00; 1.0000000000000000e+00; 0; 0; 0; 0; 0; 0.000; 0; 0; 0; 0; 0; 0.000; 0; 0; 0; 0; 0; 0.000; 0; 0; 0; 0; 0; 0.000; 0; 0; 0; 0; 0; 0.000; 1.2952610000000000e+00
/home/abrandt/src/dilation/instancias/uniform/uniform_040_27.in; g_s_dryRun; Unknown; 1.0000000000000000e+00; 1.7976931348623157e+308; 1.7976931348623157e+308; 5.7377219200134277e+00; 0.0000000000000000e+00; 4.1004137992858887e+01; 1216801; 1216801; 0;0; 699532; 5593902; 1.2594080000000001e+00; 1.0000000000000000e+00; 0; 0; 0; 0; 0; 0.000; 0; 0; 0; 0; 0; 0.000; 0; 0; 0; 0; 0; 0.000; 0; 0; 0; 0; 0; 0.000; 0; 0; 0; 0; 0; 0.000; 1.2594080000000001e+00
/home/abrandt/src/dilation/instancias/uniform/uniform_040_28.in; g_s_dryRun; Unknown; 1.0000000000000000e+00; 1.7976931348623157e+308; 1.7976931348623157e+308; 5.7616488933563232e+00; 0.0000000000000000e+00; 4.0036961078643799e+01; 1216801; 1216801; 0;0; 703628; 5602094; 1.2661890000000000e+00; 1.0000000000000000e+00; 0; 0; 0; 0; 0; 0.000; 0; 0; 0; 0; 0; 0.000; 0; 0; 0; 0; 0; 0.000; 0; 0; 0; 0; 0; 0.000; 0; 0; 0; 0; 0; 0.000; 1.2661890000000000e+00
/home/abrandt/src/dilation/instancias/uniform/uniform_040_29.in; g_s_dryRun; Unknown; 1.0000000000000000e+00; 1.7976931348623157e+308; 1.7976931348623157e+308; 5.8001079559326172e+00; 0.0000000000000000e+00; 4.1014936208724976e+01; 1216801; 1216801; 0;0; 704974; 5604786; 1.2762110000000000e+00; 1.0000000000000000e+00; 0; 0; 0; 0; 0; 0.000; 0; 0; 0; 0; 0; 0.000; 0; 0; 0; 0; 0; 0.000; 0; 0; 0; 0; 0; 0.000; 0; 0; 0; 0; 0; 0.000; 1.2762110000000000e+00
/home/abrandt/src/dilation/instancias/uniform/uniform_050_00.in; g_s_dryRun; Unknown; 1.0000000000000000e+00; 1.7976931348623157e+308; 1.7976931348623157e+308; 2.7355371952056885e+01; 0.0000000000000000e+00; 1.3562741017341614e+02; 3001251; 3001251; 0;0; 1727470; 13834363; 1.2611140000000001e+00; 1.0000000000000000e+00; 0; 0; 0; 0; 0; 0.000; 0; 0; 0; 0; 0; 0.000; 0; 0; 0; 0; 0; 0.000; 0; 0; 0; 0; 0; 0.000; 0; 0; 0; 0; 0; 0.000; 1.2611140000000001e+00
/home/abrandt/src/dilation/instancias/uniform/uniform_050_01.in; g_s_dryRun; Unknown; 1.0000000000000000e+00; 1.7976931348623157e+308; 1.7976931348623157e+308; 2.7450438022613525e+01; 0.0000000000000000e+00; 1.3503909206390381e+02; 3001251; 3001251; 0;0; 1723858; 13827139; 1.3032450000000000e+00; 1.0000000000000000e+00; 0; 0; 0; 0; 0; 0.000; 0; 0; 0; 0; 0; 0.000; 0; 0; 0; 0; 0; 0.000; 0; 0; 0; 0; 0; 0.000; 0; 0; 0; 0; 0; 0.000; 1.3032450000000000e+00
/home/abrandt/src/dilation/instancias/uniform/uniform_050_02.in; g_s_dryRun; Unknown; 1.0000000000000000e+00; 1.7976931348623157e+308; 1.7976931348623157e+308; 2.7257534980773926e+01; 0.0000000000000000e+00; 1.3423090004920959e+02; 3001251; 3001251; 0;0; 1723197; 13825817; 1.3151880000000000e+00; 1.0000000000000000e+00; 0; 0; 0; 0; 0; 0.000; 0; 0; 0; 0; 0; 0.000; 0; 0; 0; 0; 0; 0.000; 0; 0; 0; 0; 0; 0.000; 0; 0; 0; 0; 0; 0.000; 1.3151880000000000e+00
/home/abrandt/src/dilation/instancias/uniform/uniform_050_03.in; g_s_dryRun; Unknown; 1.0000000000000000e+00; 1.7976931348623157e+308; 1.7976931348623157e+308; 2.7379336118698120e+01; 0.0000000000000000e+00; 1.3552799010276794e+02; 3001251; 3001251; 0;0; 1722805; 13825033; 1.3213170000000001e+00; 1.0000000000000000e+00; 0; 0; 0; 0; 0; 0.000; 0; 0; 0; 0; 0; 0.000; 0; 0; 0; 0; 0; 0.000; 0; 0; 0; 0; 0; 0.000; 0; 0; 0; 0; 0; 0.000; 1.3213170000000001e+00
/home/abrandt/src/dilation/instancias/uniform/uniform_050_04.in; g_s_dryRun; Unknown; 1.0000000000000000e+00; 1.7976931348623157e+308; 1.7976931348623157e+308; 2.7405189990997314e+01; 0.0000000000000000e+00; 1.3520632219314575e+02; 3001251; 3001251; 0;0; 1728868; 13837159; 1.2686130000000000e+00; 1.0000000000000000e+00; 0; 0; 0; 0; 0; 0.000; 0; 0; 0; 0; 0; 0.000; 0; 0; 0; 0; 0; 0.000; 0; 0; 0; 0; 0; 0.000; 0; 0; 0; 0; 0; 0.000; 1.2686130000000000e+00
/home/abrandt/src/dilation/instancias/uniform/uniform_050_05.in; g_s_dryRun; Unknown; 1.0000000000000000e+00; 1.7976931348623157e+308; 1.7976931348623157e+308; 2.7297395229339600e+01; 0.0000000000000000e+00; 1.3500418806076050e+02; 3001251; 3001251; 0;0; 1725931; 13831285; 1.2753540000000001e+00; 1.0000000000000000e+00; 0; 0; 0; 0; 0; 0.000; 0; 0; 0; 0; 0; 0.000; 0; 0; 0; 0; 0; 0.000; 0; 0; 0; 0; 0; 0.000; 0; 0; 0; 0; 0; 0.000; 1.2753540000000001e+00
/home/abrandt/src/dilation/instancias/uniform/uniform_050_06.in; g_s_dryRun; Unknown; 1.0000000000000000e+00; 1.7976931348623157e+308; 1.7976931348623157e+308; 2.7302817106246948e+01; 0.0000000000000000e+00; 1.3433895611763000e+02; 3001251; 3001251; 0;0; 1721946; 13823315; 1.2906810000000000e+00; 1.0000000000000000e+00; 0; 0; 0; 0; 0; 0.000; 0; 0; 0; 0; 0; 0.000; 0; 0; 0; 0; 0; 0.000; 0; 0; 0; 0; 0; 0.000; 0; 0; 0; 0; 0; 0.000; 1.2906810000000000e+00
/home/abrandt/src/dilation/instancias/uniform/uniform_050_07.in; g_s_dryRun; Unknown; 1.0000000000000000e+00; 1.7976931348623157e+308; 1.7976931348623157e+308; 2.7203680038452148e+01; 0.0000000000000000e+00; 1.3428239297866821e+02; 3001251; 3001251; 0;0; 1719285; 13817993; 1.2725569999999999e+00; 1.0000000000000000e+00; 0; 0; 0; 0; 0; 0.000; 0; 0; 0; 0; 0; 0.000; 0; 0; 0; 0; 0; 0.000; 0; 0; 0; 0; 0; 0.000; 0; 0; 0; 0; 0; 0.000; 1.2725569999999999e+00
/home/abrandt/src/dilation/instancias/uniform/uniform_050_08.in; g_s_dryRun; Unknown; 1.0000000000000000e+00; 1.7976931348623157e+308; 1.7976931348623157e+308; 2.7282171964645386e+01; 0.0000000000000000e+00; 1.3445595502853394e+02; 3001251; 3001251; 0;0; 1719226; 13817875; 1.3236090000000000e+00; 1.0000000000000000e+00; 0; 0; 0; 0; 0; 0.000; 0; 0; 0; 0; 0; 0.000; 0; 0; 0; 0; 0; 0.000; 0; 0; 0; 0; 0; 0.000; 0; 0; 0; 0; 0; 0.000; 1.3236090000000000e+00
/home/abrandt/src/dilation/instancias/uniform/uniform_050_09.in; g_s_dryRun; Unknown; 1.0000000000000000e+00; 1.7976931348623157e+308; 1.7976931348623157e+308; 2.7307245969772339e+01; 0.0000000000000000e+00; 1.3307338309288025e+02; 3001251; 3001251; 0;0; 1725389; 13830201; 1.3124160000000000e+00; 1.0000000000000000e+00; 0; 0; 0; 0; 0; 0.000; 0; 0; 0; 0; 0; 0.000; 0; 0; 0; 0; 0; 0.000; 0; 0; 0; 0; 0; 0.000; 0; 0; 0; 0; 0; 0.000; 1.3124160000000000e+00
/home/abrandt/src/dilation/instancias/uniform/uniform_050_10.in; g_s_dryRun; Unknown; 1.0000000000000000e+00; 1.7976931348623157e+308; 1.7976931348623157e+308; 2.7239789962768555e+01; 0.0000000000000000e+00; 1.3627789711952209e+02; 3001251; 3001251; 0;0; 1718414; 13816251; 1.3382520000000000e+00; 1.0000000000000000e+00; 0; 0; 0; 0; 0; 0.000; 0; 0; 0; 0; 0; 0.000; 0; 0; 0; 0; 0; 0.000; 0; 0; 0; 0; 0; 0.000; 0; 0; 0; 0; 0; 0.000; 1.3382520000000000e+00
/home/abrandt/src/dilation/instancias/uniform/uniform_050_11.in; g_s_dryRun; Unknown; 1.0000000000000000e+00; 1.7976931348623157e+308; 1.7976931348623157e+308; 2.7166610002517700e+01; 0.0000000000000000e+00; 1.3272945308685303e+02; 3001251; 3001251; 0;0; 1717463; 13814349; 1.2513430000000001e+00; 1.0000000000000000e+00; 0; 0; 0; 0; 0; 0.000; 0; 0; 0; 0; 0; 0.000; 0; 0; 0; 0; 0; 0.000; 0; 0; 0; 0; 0; 0.000; 0; 0; 0; 0; 0; 0.000; 1.2513430000000001e+00
/home/abrandt/src/dilation/instancias/uniform/uniform_050_12.in; g_s_dryRun; Unknown; 1.0000000000000000e+00; 1.7976931348623157e+308; 1.7976931348623157e+308; 2.7407462835311890e+01; 0.0000000000000000e+00; 1.3209305691719055e+02; 3001251; 3001251; 0;0; 1725840; 13831103; 1.3173140000000001e+00; 1.0000000000000000e+00; 0; 0; 0; 0; 0; 0.000; 0; 0; 0; 0; 0; 0.000; 0; 0; 0; 0; 0; 0.000; 0; 0; 0; 0; 0; 0.000; 0; 0; 0; 0; 0; 0.000; 1.3173140000000001e+00
/home/abrandt/src/dilation/instancias/uniform/uniform_050_13.in; g_s_dryRun; Unknown; 1.0000000000000000e+00; 1.7976931348623157e+308; 1.7976931348623157e+308; 2.7212072134017944e+01; 0.0000000000000000e+00; 1.3505702781677246e+02; 3001251; 3001251; 0;0; 1719307; 13818037; 1.3105130000000000e+00; 1.0000000000000000e+00; 0; 0; 0; 0; 0; 0.000; 0; 0; 0; 0; 0; 0.000; 0; 0; 0; 0; 0; 0.000; 0; 0; 0; 0; 0; 0.000; 0; 0; 0; 0; 0; 0.000; 1.3105130000000000e+00
/home/abrandt/src/dilation/instancias/uniform/uniform_050_14.in; g_s_dryRun; Unknown; 1.0000000000000000e+00; 1.7976931348623157e+308; 1.7976931348623157e+308; 2.7232108116149902e+01; 0.0000000000000000e+00; 1.3461327099800110e+02; 3001251; 3001251; 0;0; 1715254; 13809931; 1.3116770000000000e+00; 1.0000000000000000e+00; 0; 0; 0; 0; 0; 0.000; 0; 0; 0; 0; 0; 0.000; 0; 0; 0; 0; 0; 0.000; 0; 0; 0; 0; 0; 0.000; 0; 0; 0; 0; 0; 0.000; 1.3116770000000000e+00
/home/abrandt/src/dilation/instancias/uniform/uniform_050_15.in; g_s_dryRun; Unknown; 1.0000000000000000e+00; 1.7976931348623157e+308; 1.7976931348623157e+308; 2.7271524906158447e+01; 0.0000000000000000e+00; 1.3503002309799194e+02; 3001251; 3001251; 0;0; 1723602; 13826627; 1.2852710000000001e+00; 1.0000000000000000e+00; 0; 0; 0; 0; 0; 0.000; 0; 0; 0; 0; 0; 0.000; 0; 0; 0; 0; 0; 0.000; 0; 0; 0; 0; 0; 0.000; 0; 0; 0; 0; 0; 0.000; 1.2852710000000001e+00
/home/abrandt/src/dilation/instancias/uniform/uniform_050_16.in; g_s_dryRun; Unknown; 1.0000000000000000e+00; 1.7976931348623157e+308; 1.7976931348623157e+308; 2.7339663028717041e+01; 0.0000000000000000e+00; 1.3397807097434998e+02; 3001251; 3001251; 0;0; 1723219; 13825861; 1.3187199999999999e+00; 1.0000000000000000e+00; 0; 0; 0; 0; 0; 0.000; 0; 0; 0; 0; 0; 0.000; 0; 0; 0; 0; 0; 0.000; 0; 0; 0; 0; 0; 0.000; 0; 0; 0; 0; 0; 0.000; 1.3187199999999999e+00
/home/abrandt/src/dilation/instancias/uniform/uniform_050_17.in; g_s_dryRun; Unknown; 1.0000000000000000e+00; 1.7976931348623157e+308; 1.7976931348623157e+308; 2.7361110210418701e+01; 0.0000000000000000e+00; 1.3366352391242981e+02; 3001251; 3001251; 0;0; 1722359; 13824141; 1.2527550000000001e+00; 1.0000000000000000e+00; 0; 0; 0; 0; 0; 0.000; 0; 0; 0; 0; 0; 0.000; 0; 0; 0; 0; 0; 0.000; 0; 0; 0; 0; 0; 0.000; 0; 0; 0; 0; 0; 0.000; 1.2527550000000001e+00
/home/abrandt/src/dilation/instancias/uniform/uniform_050_18.in; g_s_dryRun; Unknown; 1.0000000000000000e+00; 1.7976931348623157e+308; 1.7976931348623157e+308; 2.7344254016876221e+01; 0.0000000000000000e+00; 1.3308505702018738e+02; 3001251; 3001251; 0;0; 1730289; 13840001; 1.2680730000000000e+00; 1.0000000000000000e+00; 0; 0; 0; 0; 0; 0.000; 0; 0; 0; 0; 0; 0.000; 0; 0; 0; 0; 0; 0.000; 0; 0; 0; 0; 0; 0.000; 0; 0; 0; 0; 0; 0.000; 1.2680730000000000e+00
/home/abrandt/src/dilation/instancias/uniform/uniform_050_19.in; g_s_dryRun; Unknown; 1.0000000000000000e+00; 1.7976931348623157e+308; 1.7976931348623157e+308; 2.7091283082962036e+01; 0.0000000000000000e+00; 1.3645804095268250e+02; 3001251; 3001251; 0;0; 1713300; 13806023; 1.3086390000000001e+00; 1.0000000000000000e+00; 0; 0; 0; 0; 0; 0.000; 0; 0; 0; 0; 0; 0.000; 0; 0; 0; 0; 0; 0.000; 0; 0; 0; 0; 0; 0.000; 0; 0; 0; 0; 0; 0.000; 1.3086390000000001e+00
/home/abrandt/src/dilation/instancias/uniform/uniform_050_20.in; g_s_dryRun; Unknown; 1.0000000000000000e+00; 1.7976931348623157e+308; 1.7976931348623157e+308; 2.7430262088775635e+01; 0.0000000000000000e+00; 1.3668120503425598e+02; 3001251; 3001251; 0;0; 1725930; 13831283; 1.2971220000000001e+00; 1.0000000000000000e+00; 0; 0; 0; 0; 0; 0.000; 0; 0; 0; 0; 0; 0.000; 0; 0; 0; 0; 0; 0.000; 0; 0; 0; 0; 0; 0.000; 0; 0; 0; 0; 0; 0.000; 1.2971220000000001e+00
/home/abrandt/src/dilation/instancias/uniform/uniform_050_21.in; g_s_dryRun; Unknown; 1.0000000000000000e+00; 1.7976931348623157e+308; 1.7976931348623157e+308; 2.7236100912094116e+01; 0.0000000000000000e+00; 1.3537325000762939e+02; 3001251; 3001251; 0;0; 1723286; 13825995; 1.3081710000000000e+00; 1.0000000000000000e+00; 0; 0; 0; 0; 0; 0.000; 0; 0; 0; 0; 0; 0.000; 0; 0; 0; 0; 0; 0.000; 0; 0; 0; 0; 0; 0.000; 0; 0; 0; 0; 0; 0.000; 1.3081710000000000e+00
/home/abrandt/src/dilation/instancias/uniform/uniform_050_22.in; g_s_dryRun; Unknown; 1.0000000000000000e+00; 1.7976931348623157e+308; 1.7976931348623157e+308; 2.7413184881210327e+01; 0.0000000000000000e+00; 1.3586600899696350e+02; 3001251; 3001251; 0;0; 1725064; 13829551; 1.2676019999999999e+00; 1.0000000000000000e+00; 0; 0; 0; 0; 0; 0.000; 0; 0; 0; 0; 0; 0.000; 0; 0; 0; 0; 0; 0.000; 0; 0; 0; 0; 0; 0.000; 0; 0; 0; 0; 0; 0.000; 1.2676019999999999e+00
/home/abrandt/src/dilation/instancias/uniform/uniform_050_23.in; g_s_dryRun; Unknown; 1.0000000000000000e+00; 1.7976931348623157e+308; 1.7976931348623157e+308; 2.7217730045318604e+01; 0.0000000000000000e+00; 1.3362537097930908e+02; 3001251; 3001251; 0;0; 1722325; 13824073; 1.3019240000000001e+00; 1.0000000000000000e+00; 0; 0; 0; 0; 0; 0.000; 0; 0; 0; 0; 0; 0.000; 0; 0; 0; 0; 0; 0.000; 0; 0; 0; 0; 0; 0.000; 0; 0; 0; 0; 0; 0.000; 1.3019240000000001e+00
/home/abrandt/src/dilation/instancias/uniform/uniform_050_24.in; g_s_dryRun; Unknown; 1.0000000000000000e+00; 1.7976931348623157e+308; 1.7976931348623157e+308; 2.7424692869186401e+01; 0.0000000000000000e+00; 1.3321094298362732e+02; 3001251; 3001251; 0;0; 1727316; 13834055; 1.3383659999999999e+00; 1.0000000000000000e+00; 0; 0; 0; 0; 0; 0.000; 0; 0; 0; 0; 0; 0.000; 0; 0; 0; 0; 0; 0.000; 0; 0; 0; 0; 0; 0.000; 0; 0; 0; 0; 0; 0.000; 1.3383659999999999e+00
/home/abrandt/src/dilation/instancias/uniform/uniform_050_25.in; g_s_dryRun; Unknown; 1.0000000000000000e+00; 1.7976931348623157e+308; 1.7976931348623157e+308; 2.7302826881408691e+01; 0.0000000000000000e+00; 1.3391252303123474e+02; 3001251; 3001251; 0;0; 1725241; 13829905; 1.2876150000000000e+00; 1.0000000000000000e+00; 0; 0; 0; 0; 0; 0.000; 0; 0; 0; 0; 0; 0.000; 0; 0; 0; 0; 0; 0.000; 0; 0; 0; 0; 0; 0.000; 0; 0; 0; 0; 0; 0.000; 1.2876150000000000e+00
/home/abrandt/src/dilation/instancias/uniform/uniform_050_26.in; g_s_dryRun; Unknown; 1.0000000000000000e+00; 1.7976931348623157e+308; 1.7976931348623157e+308; 2.7335205078125000e+01; 0.0000000000000000e+00; 1.3392166996002197e+02; 3001251; 3001251; 0;0; 1724296; 13828015; 1.3084199999999999e+00; 1.0000000000000000e+00; 0; 0; 0; 0; 0; 0.000; 0; 0; 0; 0; 0; 0.000; 0; 0; 0; 0; 0; 0.000; 0; 0; 0; 0; 0; 0.000; 0; 0; 0; 0; 0; 0.000; 1.3084199999999999e+00
/home/abrandt/src/dilation/instancias/uniform/uniform_050_27.in; g_s_dryRun; Unknown; 1.0000000000000000e+00; 1.7976931348623157e+308; 1.7976931348623157e+308; 2.7246025800704956e+01; 0.0000000000000000e+00; 1.3461733603477478e+02; 3001251; 3001251; 0;0; 1722360; 13824143; 1.2915300000000001e+00; 1.0000000000000000e+00; 0; 0; 0; 0; 0; 0.000; 0; 0; 0; 0; 0; 0.000; 0; 0; 0; 0; 0; 0.000; 0; 0; 0; 0; 0; 0.000; 0; 0; 0; 0; 0; 0.000; 1.2915300000000001e+00
/home/abrandt/src/dilation/instancias/uniform/uniform_050_28.in; g_s_dryRun; Unknown; 1.0000000000000000e+00; 1.7976931348623157e+308; 1.7976931348623157e+308; 2.7120319128036499e+01; 0.0000000000000000e+00; 1.3337835717201233e+02; 3001251; 3001251; 0;0; 1716293; 13812009; 1.3290249999999999e+00; 1.0000000000000000e+00; 0; 0; 0; 0; 0; 0.000; 0; 0; 0; 0; 0; 0.000; 0; 0; 0; 0; 0; 0.000; 0; 0; 0; 0; 0; 0.000; 0; 0; 0; 0; 0; 0.000; 1.3290249999999999e+00
/home/abrandt/src/dilation/instancias/uniform/uniform_050_29.in; g_s_dryRun; Unknown; 1.0000000000000000e+00; 1.7976931348623157e+308; 1.7976931348623157e+308; 2.7403203964233398e+01; 0.0000000000000000e+00; 1.3658680391311646e+02; 3001251; 3001251; 0;0; 1721012; 13821447; 1.3086139999999999e+00; 1.0000000000000000e+00; 0; 0; 0; 0; 0; 0.000; 0; 0; 0; 0; 0; 0.000; 0; 0; 0; 0; 0; 0.000; 0; 0; 0; 0; 0; 0.000; 0; 0; 0; 0; 0; 0.000; 1.3086139999999999e+00
/home/abrandt/src/dilation/instancias/uniform/uniform_060_00.in; g_s_dryRun; Unknown; 1.0000000000000000e+00; 1.7976931348623157e+308; 1.7976931348623157e+308; 1.0561673498153687e+02; 0.0000000000000000e+00; 3.9548930191993713e+02; 6265801; 6265801; 0;0; 3574119; 28862596; 1.2858130000000001e+00; 1.0000000000000000e+00; 0; 0; 0; 0; 0; 0.000; 0; 0; 0; 0; 0; 0.000; 0; 0; 0; 0; 0; 0.000; 0; 0; 0; 0; 0; 0.000; 0; 0; 0; 0; 0; 0.000; 1.2858130000000001e+00
/home/abrandt/src/dilation/instancias/uniform/uniform_060_01.in; g_s_dryRun; Unknown; 1.0000000000000000e+00; 1.7976931348623157e+308; 1.7976931348623157e+308; 1.0602954792976379e+02; 0.0000000000000000e+00; 3.9204245495796204e+02; 6265801; 6265801; 0;0; 3582953; 28880264; 1.3211390000000001e+00; 1.0000000000000000e+00; 0; 0; 0; 0; 0; 0.000; 0; 0; 0; 0; 0; 0.000; 0; 0; 0; 0; 0; 0.000; 0; 0; 0; 0; 0; 0.000; 0; 0; 0; 0; 0; 0.000; 1.3211390000000001e+00
/home/abrandt/src/dilation/instancias/uniform/uniform_060_02.in; g_s_dryRun; Unknown; 1.0000000000000000e+00; 1.7976931348623157e+308; 1.7976931348623157e+308; 1.0587617397308350e+02; 0.0000000000000000e+00; 3.9073038005828857e+02; 6265801; 6265801; 0;0; 3585772; 28885902; 1.2877529999999999e+00; 1.0000000000000000e+00; 0; 0; 0; 0; 0; 0.000; 0; 0; 0; 0; 0; 0.000; 0; 0; 0; 0; 0; 0.000; 0; 0; 0; 0; 0; 0.000; 0; 0; 0; 0; 0; 0.000; 1.2877529999999999e+00
/home/abrandt/src/dilation/instancias/uniform/uniform_060_03.in; g_s_dryRun; Unknown; 1.0000000000000000e+00; 1.7976931348623157e+308; 1.7976931348623157e+308; 1.0534325885772705e+02; 0.0000000000000000e+00; 3.8742979097366333e+02; 6265801; 6265801; 0;0; 3569101; 28852560; 1.2826360000000001e+00; 1.0000000000000000e+00; 0; 0; 0; 0; 0; 0.000; 0; 0; 0; 0; 0; 0.000; 0; 0; 0; 0; 0; 0.000; 0; 0; 0; 0; 0; 0.000; 0; 0; 0; 0; 0; 0.000; 1.2826360000000001e+00
/home/abrandt/src/dilation/instancias/uniform/uniform_060_04.in; g_s_dryRun; Unknown; 1.0000000000000000e+00; 1.7976931348623157e+308; 1.7976931348623157e+308; 1.0546449184417725e+02; 0.0000000000000000e+00; 3.8971061801910400e+02; 6265801; 6265801; 0;0; 3573890; 28862138; 1.3431990000000000e+00; 1.0000000000000000e+00; 0; 0; 0; 0; 0; 0.000; 0; 0; 0; 0; 0; 0.000; 0; 0; 0; 0; 0; 0.000; 0; 0; 0; 0; 0; 0.000; 0; 0; 0; 0; 0; 0.000; 1.3431990000000000e+00
/home/abrandt/src/dilation/instancias/uniform/uniform_060_05.in; g_s_dryRun; Unknown; 1.0000000000000000e+00; 1.7976931348623157e+308; 1.7976931348623157e+308; 1.0599157595634460e+02; 0.0000000000000000e+00; 3.9145667505264282e+02; 6265801; 6265801; 0;0; 3588765; 28891888; 1.2850450000000000e+00; 1.0000000000000000e+00; 0; 0; 0; 0; 0; 0.000; 0; 0; 0; 0; 0; 0.000; 0; 0; 0; 0; 0; 0.000; 0; 0; 0; 0; 0; 0.000; 0; 0; 0; 0; 0; 0.000; 1.2850450000000000e+00
/home/abrandt/src/dilation/instancias/uniform/uniform_060_06.in; g_s_dryRun; Unknown; 1.0000000000000000e+00; 1.7976931348623157e+308; 1.7976931348623157e+308; 1.0583986306190491e+02; 0.0000000000000000e+00; 3.8900821304321289e+02; 6265801; 6265801; 0;0; 3582426; 28879210; 1.3199650000000001e+00; 1.0000000000000000e+00; 0; 0; 0; 0; 0; 0.000; 0; 0; 0; 0; 0; 0.000; 0; 0; 0; 0; 0; 0.000; 0; 0; 0; 0; 0; 0.000; 0; 0; 0; 0; 0; 0.000; 1.3199650000000001e+00
/home/abrandt/src/dilation/instancias/uniform/uniform_060_07.in; g_s_dryRun; Unknown; 1.0000000000000000e+00; 1.7976931348623157e+308; 1.7976931348623157e+308; 1.0608688306808472e+02; 0.0000000000000000e+00; 3.9019193196296692e+02; 6265801; 6265801; 0;0; 3588436; 28891230; 1.2982350000000000e+00; 1.0000000000000000e+00; 0; 0; 0; 0; 0; 0.000; 0; 0; 0; 0; 0; 0.000; 0; 0; 0; 0; 0; 0.000; 0; 0; 0; 0; 0; 0.000; 0; 0; 0; 0; 0; 0.000; 1.2982350000000000e+00
/home/abrandt/src/dilation/instancias/uniform/uniform_060_08.in; g_s_dryRun; Unknown; 1.0000000000000000e+00; 1.7976931348623157e+308; 1.7976931348623157e+308; 1.0574962115287781e+02; 0.0000000000000000e+00; 3.8924920201301575e+02; 6265801; 6265801; 0;0; 3571949; 28858256; 1.3208409999999999e+00; 1.0000000000000000e+00; 0; 0; 0; 0; 0; 0.000; 0; 0; 0; 0; 0; 0.000; 0; 0; 0; 0; 0; 0.000; 0; 0; 0; 0; 0; 0.000; 0; 0; 0; 0; 0; 0.000; 1.3208409999999999e+00
/home/abrandt/src/dilation/instancias/uniform/uniform_060_09.in; g_s_dryRun; Unknown; 1.0000000000000000e+00; 1.7976931348623157e+308; 1.7976931348623157e+308; 1.0592641592025757e+02; 0.0000000000000000e+00; 3.9093826198577881e+02; 6265801; 6265801; 0;0; 3581947; 28878252; 1.2959390000000000e+00; 1.0000000000000000e+00; 0; 0; 0; 0; 0; 0.000; 0; 0; 0; 0; 0; 0.000; 0; 0; 0; 0; 0; 0.000; 0; 0; 0; 0; 0; 0.000; 0; 0; 0; 0; 0; 0.000; 1.2959390000000000e+00
/home/abrandt/src/dilation/instancias/uniform/uniform_060_10.in; g_s_dryRun; Unknown; 1.0000000000000000e+00; 1.7976931348623157e+308; 1.7976931348623157e+308; 1.0572942996025085e+02; 0.0000000000000000e+00; 3.9156616497039795e+02; 6265801; 6265801; 0;0; 3579174; 28872706; 1.2694740000000000e+00; 1.0000000000000000e+00; 0; 0; 0; 0; 0; 0.000; 0; 0; 0; 0; 0; 0.000; 0; 0; 0; 0; 0; 0.000; 0; 0; 0; 0; 0; 0.000; 0; 0; 0; 0; 0; 0.000; 1.2694740000000000e+00
/home/abrandt/src/dilation/instancias/uniform/uniform_060_11.in; g_s_dryRun; Unknown; 1.0000000000000000e+00; 1.7976931348623157e+308; 1.7976931348623157e+308; 1.0549872303009033e+02; 0.0000000000000000e+00; 4.3968863105773926e+02; 6265801; 6265801; 0;0; 3569945; 28854248; 1.2830610000000000e+00; 1.0000000000000000e+00; 0; 0; 0; 0; 0; 0.000; 0; 0; 0; 0; 0; 0.000; 0; 0; 0; 0; 0; 0.000; 0; 0; 0; 0; 0; 0.000; 0; 0; 0; 0; 0; 0.000; 1.2830610000000000e+00
/home/abrandt/src/dilation/instancias/uniform/uniform_060_12.in; g_s_dryRun; Unknown; 1.0000000000000000e+00; 1.7976931348623157e+308; 1.7976931348623157e+308; 1.0576593303680420e+02; 0.0000000000000000e+00; 3.8778612804412842e+02; 6265801; 6265801; 0;0; 3579249; 28872856; 1.2687200000000001e+00; 1.0000000000000000e+00; 0; 0; 0; 0; 0; 0.000; 0; 0; 0; 0; 0; 0.000; 0; 0; 0; 0; 0; 0.000; 0; 0; 0; 0; 0; 0.000; 0; 0; 0; 0; 0; 0.000; 1.2687200000000001e+00
/home/abrandt/src/dilation/instancias/uniform/uniform_060_13.in; g_s_dryRun; Unknown; 1.0000000000000000e+00; 1.7976931348623157e+308; 1.7976931348623157e+308; 1.0585744714736938e+02; 0.0000000000000000e+00; 3.9130879402160645e+02; 6265801; 6265801; 0;0; 3582336; 28879030; 1.3758950000000001e+00; 1.0000000000000000e+00; 0; 0; 0; 0; 0; 0.000; 0; 0; 0; 0; 0; 0.000; 0; 0; 0; 0; 0; 0.000; 0; 0; 0; 0; 0; 0.000; 0; 0; 0; 0; 0; 0.000; 1.3758950000000001e+00
/home/abrandt/src/dilation/instancias/uniform/uniform_060_14.in; g_s_dryRun; Unknown; 1.0000000000000000e+00; 1.7976931348623157e+308; 1.7976931348623157e+308; 1.0575740694999695e+02; 0.0000000000000000e+00; 3.8877456283569336e+02; 6265801; 6265801; 0;0; 3574085; 28862528; 1.3238930000000000e+00; 1.0000000000000000e+00; 0; 0; 0; 0; 0; 0.000; 0; 0; 0; 0; 0; 0.000; 0; 0; 0; 0; 0; 0.000; 0; 0; 0; 0; 0; 0.000; 0; 0; 0; 0; 0; 0.000; 1.3238930000000000e+00
/home/abrandt/src/dilation/instancias/uniform/uniform_060_15.in; g_s_dryRun; Unknown; 1.0000000000000000e+00; 1.7976931348623157e+308; 1.7976931348623157e+308; 1.0584782099723816e+02; 0.0000000000000000e+00; 3.9068844914436340e+02; 6265801; 6265801; 0;0; 3580266; 28874890; 1.3520330000000000e+00; 1.0000000000000000e+00; 0; 0; 0; 0; 0; 0.000; 0; 0; 0; 0; 0; 0.000; 0; 0; 0; 0; 0; 0.000; 0; 0; 0; 0; 0; 0.000; 0; 0; 0; 0; 0; 0.000; 1.3520330000000000e+00
/home/abrandt/src/dilation/instancias/uniform/uniform_060_16.in; g_s_dryRun; Unknown; 1.0000000000000000e+00; 1.7976931348623157e+308; 1.7976931348623157e+308; 1.0600383400917053e+02; 0.0000000000000000e+00; 3.9427064013481140e+02; 6265801; 6265801; 0;0; 3585088; 28884534; 1.3168120000000001e+00; 1.0000000000000000e+00; 0; 0; 0; 0; 0; 0.000; 0; 0; 0; 0; 0; 0.000; 0; 0; 0; 0; 0; 0.000; 0; 0; 0; 0; 0; 0.000; 0; 0; 0; 0; 0; 0.000; 1.3168120000000001e+00
/home/abrandt/src/dilation/instancias/uniform/uniform_060_17.in; g_s_dryRun; Unknown; 1.0000000000000000e+00; 1.7976931348623157e+308; 1.7976931348623157e+308; 1.0603427815437317e+02; 0.0000000000000000e+00; 3.9262812089920044e+02; 6265801; 6265801; 0;0; 3588786; 28891930; 1.3309770000000001e+00; 1.0000000000000000e+00; 0; 0; 0; 0; 0; 0.000; 0; 0; 0; 0; 0; 0.000; 0; 0; 0; 0; 0; 0.000; 0; 0; 0; 0; 0; 0.000; 0; 0; 0; 0; 0; 0.000; 1.3309770000000001e+00
/home/abrandt/src/dilation/instancias/uniform/uniform_060_18.in; g_s_dryRun; Unknown; 1.0000000000000000e+00; 1.7976931348623157e+308; 1.7976931348623157e+308; 1.0546068787574768e+02; 0.0000000000000000e+00; 3.8678174901008606e+02; 6265801; 6265801; 0;0; 3570777; 28855912; 1.2959410000000000e+00; 1.0000000000000000e+00; 0; 0; 0; 0; 0; 0.000; 0; 0; 0; 0; 0; 0.000; 0; 0; 0; 0; 0; 0.000; 0; 0; 0; 0; 0; 0.000; 0; 0; 0; 0; 0; 0.000; 1.2959410000000000e+00
/home/abrandt/src/dilation/instancias/uniform/uniform_060_19.in; g_s_dryRun; Unknown; 1.0000000000000000e+00; 1.7976931348623157e+308; 1.7976931348623157e+308; 1.0618305492401123e+02; 0.0000000000000000e+00; 3.8798966407775879e+02; 6265801; 6265801; 0;0; 3596037; 28906432; 1.2902119999999999e+00; 1.0000000000000000e+00; 0; 0; 0; 0; 0; 0.000; 0; 0; 0; 0; 0; 0.000; 0; 0; 0; 0; 0; 0.000; 0; 0; 0; 0; 0; 0.000; 0; 0; 0; 0; 0; 0.000; 1.2902119999999999e+00
/home/abrandt/src/dilation/instancias/uniform/uniform_060_20.in; g_s_dryRun; Unknown; 1.0000000000000000e+00; 1.7976931348623157e+308; 1.7976931348623157e+308; 1.0618261194229126e+02; 0.0000000000000000e+00; 3.8718890190124512e+02; 6265801; 6265801; 0;0; 3590742; 28895842; 1.2890640000000000e+00; 1.0000000000000000e+00; 0; 0; 0; 0; 0; 0.000; 0; 0; 0; 0; 0; 0.000; 0; 0; 0; 0; 0; 0.000; 0; 0; 0; 0; 0; 0.000; 0; 0; 0; 0; 0; 0.000; 1.2890640000000000e+00
/home/abrandt/src/dilation/instancias/uniform/uniform_060_21.in; g_s_dryRun; Unknown; 1.0000000000000000e+00; 1.7976931348623157e+308; 1.7976931348623157e+308; 1.0587206697463989e+02; 0.0000000000000000e+00; 3.9342593097686768e+02; 6265801; 6265801; 0;0; 3581620; 28877598; 1.3384000000000000e+00; 1.0000000000000000e+00; 0; 0; 0; 0; 0; 0.000; 0; 0; 0; 0; 0; 0.000; 0; 0; 0; 0; 0; 0.000; 0; 0; 0; 0; 0; 0.000; 0; 0; 0; 0; 0; 0.000; 1.3384000000000000e+00
/home/abrandt/src/dilation/instancias/uniform/uniform_060_22.in; g_s_dryRun; Unknown; 1.0000000000000000e+00; 1.7976931348623157e+308; 1.7976931348623157e+308; 1.0550920701026917e+02; 0.0000000000000000e+00; 3.9174334120750427e+02; 6265801; 6265801; 0;0; 3568175; 28850708; 1.3452580000000001e+00; 1.0000000000000000e+00; 0; 0; 0; 0; 0; 0.000; 0; 0; 0; 0; 0; 0.000; 0; 0; 0; 0; 0; 0.000; 0; 0; 0; 0; 0; 0.000; 0; 0; 0; 0; 0; 0.000; 1.3452580000000001e+00
/home/abrandt/src/dilation/instancias/uniform/uniform_060_23.in; g_s_dryRun; Unknown; 1.0000000000000000e+00; 1.7976931348623157e+308; 1.7976931348623157e+308; 1.0543047213554382e+02; 0.0000000000000000e+00; 3.9130959796905518e+02; 6265801; 6265801; 0;0; 3566611; 28847580; 1.3652169999999999e+00; 1.0000000000000000e+00; 0; 0; 0; 0; 0; 0.000; 0; 0; 0; 0; 0; 0.000; 0; 0; 0; 0; 0; 0.000; 0; 0; 0; 0; 0; 0.000; 0; 0; 0; 0; 0; 0.000; 1.3652169999999999e+00
/home/abrandt/src/dilation/instancias/uniform/uniform_060_24.in; g_s_dryRun; Unknown; 1.0000000000000000e+00; 1.7976931348623157e+308; 1.7976931348623157e+308; 1.0588978815078735e+02; 0.0000000000000000e+00; 3.9012129807472229e+02; 6265801; 6265801; 0;0; 3581361; 28877080; 1.2783380000000000e+00; 1.0000000000000000e+00; 0; 0; 0; 0; 0; 0.000; 0; 0; 0; 0; 0; 0.000; 0; 0; 0; 0; 0; 0.000; 0; 0; 0; 0; 0; 0.000; 0; 0; 0; 0; 0; 0.000; 1.2783380000000000e+00
/home/abrandt/src/dilation/instancias/uniform/uniform_060_25.in; g_s_dryRun; Unknown; 1.0000000000000000e+00; 1.7976931348623157e+308; 1.7976931348623157e+308; 1.0574218297004700e+02; 0.0000000000000000e+00; 3.8881257200241089e+02; 6265801; 6265801; 0;0; 3574755; 28863868; 1.3316150000000000e+00; 1.0000000000000000e+00; 0; 0; 0; 0; 0; 0.000; 0; 0; 0; 0; 0; 0.000; 0; 0; 0; 0; 0; 0.000; 0; 0; 0; 0; 0; 0.000; 0; 0; 0; 0; 0; 0.000; 1.3316150000000000e+00
/home/abrandt/src/dilation/instancias/uniform/uniform_060_26.in; g_s_dryRun; Unknown; 1.0000000000000000e+00; 1.7976931348623157e+308; 1.7976931348623157e+308; 1.0555414080619812e+02; 0.0000000000000000e+00; 3.8855071592330933e+02; 6265801; 6265801; 0;0; 3570749; 28855856; 1.3371059999999999e+00; 1.0000000000000000e+00; 0; 0; 0; 0; 0; 0.000; 0; 0; 0; 0; 0; 0.000; 0; 0; 0; 0; 0; 0.000; 0; 0; 0; 0; 0; 0.000; 0; 0; 0; 0; 0; 0.000; 1.3371059999999999e+00
/home/abrandt/src/dilation/instancias/uniform/uniform_060_27.in; g_s_dryRun; Unknown; 1.0000000000000000e+00; 1.7976931348623157e+308; 1.7976931348623157e+308; 1.0566467213630676e+02; 0.0000000000000000e+00; 3.8880030393600464e+02; 6265801; 6265801; 0;0; 3576531; 28867420; 1.2782480000000001e+00; 1.0000000000000000e+00; 0; 0; 0; 0; 0; 0.000; 0; 0; 0; 0; 0; 0.000; 0; 0; 0; 0; 0; 0.000; 0; 0; 0; 0; 0; 0.000; 0; 0; 0; 0; 0; 0.000; 1.2782480000000001e+00
/home/abrandt/src/dilation/instancias/uniform/uniform_060_28.in; g_s_dryRun; Unknown; 1.0000000000000000e+00; 1.7976931348623157e+308; 1.7976931348623157e+308; 1.0505765700340271e+02; 0.0000000000000000e+00; 3.9065204000473022e+02; 6265801; 6265801; 0;0; 3559109; 28832576; 1.2718360000000000e+00; 1.0000000000000000e+00; 0; 0; 0; 0; 0; 0.000; 0; 0; 0; 0; 0; 0.000; 0; 0; 0; 0; 0; 0.000; 0; 0; 0; 0; 0; 0.000; 0; 0; 0; 0; 0; 0.000; 1.2718360000000000e+00
/home/abrandt/src/dilation/instancias/uniform/uniform_060_29.in; g_s_dryRun; Unknown; 1.0000000000000000e+00; 1.7976931348623157e+308; 1.7976931348623157e+308; 1.0607794499397278e+02; 0.0000000000000000e+00; 3.8841581797599792e+02; 6265801; 6265801; 0;0; 3584535; 28883428; 1.3508140000000000e+00; 1.0000000000000000e+00; 0; 0; 0; 0; 0; 0.000; 0; 0; 0; 0; 0; 0.000; 0; 0; 0; 0; 0; 0.000; 0; 0; 0; 0; 0; 0.000; 0; 0; 0; 0; 0; 0.000; 1.3508140000000000e+00
/home/abrandt/src/dilation/instancias/uniform/uniform_070_00.in; g_s_dryRun; Unknown; 1.0000000000000000e+00; 1.7976931348623157e+308; 1.7976931348623157e+308; 6.7308323192596436e+02; 0.0000000000000000e+00; 2.0367911419868469e+03; 11664451; 11664451; 0;0; 6636897; 53756437; 1.3296840000000001e+00; 1.0000000000000000e+00; 0; 0; 0; 0; 0; 0.000; 0; 0; 0; 0; 0; 0.000; 0; 0; 0; 0; 0; 0.000; 0; 0; 0; 0; 0; 0.000; 0; 0; 0; 0; 0; 0.000; 1.3296840000000001e+00
/home/abrandt/src/dilation/instancias/uniform/uniform_070_01.in; g_s_dryRun; Unknown; 1.0000000000000000e+00; 1.7976931348623157e+308; 1.7976931348623157e+308; 6.3162990093231201e+02; 0.0000000000000000e+00; 1.9188373570442200e+03; 11664451; 11664451; 0;0; 6623201; 53729045; 1.3611359999999999e+00; 1.0000000000000000e+00; 0; 0; 0; 0; 0; 0.000; 0; 0; 0; 0; 0; 0.000; 0; 0; 0; 0; 0; 0.000; 0; 0; 0; 0; 0; 0.000; 0; 0; 0; 0; 0; 0.000; 1.3611359999999999e+00
/home/abrandt/src/dilation/instancias/uniform/uniform_070_03.in; g_s_dryRun; Unknown; 1.0000000000000000e+00; 1.7976931348623157e+308; 1.7976931348623157e+308; 5.3566752099990845e+02; 0.0000000000000000e+00; 1.7086658589839935e+03; 11664451; 11664451; 0;0; 6653956; 53790555; 1.3012870000000001e+00; 1.0000000000000000e+00; 0; 0; 0; 0; 0; 0.000; 0; 0; 0; 0; 0; 0.000; 0; 0; 0; 0; 0; 0.000; 0; 0; 0; 0; 0; 0.000; 0; 0; 0; 0; 0; 0.000; 1.3012870000000001e+00
/home/abrandt/src/dilation/instancias/uniform/uniform_070_04.in; g_s_dryRun; Unknown; 1.0000000000000000e+00; 1.7976931348623157e+308; 1.7976931348623157e+308; 5.8522682714462280e+02; 0.0000000000000000e+00; 1.8504354519844055e+03; 11664451; 11664451; 0;0; 6652804; 53788251; 1.3321210000000001e+00; 1.0000000000000000e+00; 0; 0; 0; 0; 0; 0.000; 0; 0; 0; 0; 0; 0.000; 0; 0; 0; 0; 0; 0.000; 0; 0; 0; 0; 0; 0.000; 0; 0; 0; 0; 0; 0.000; 1.3321210000000001e+00
/home/abrandt/src/dilation/instancias/uniform/uniform_070_05.in; g_s_dryRun; Unknown; 1.0000000000000000e+00; 1.7976931348623157e+308; 1.7976931348623157e+308; 5.1361071705818176e+02; 0.0000000000000000e+00; 1.8252030420303345e+03; 11664451; 11664451; 0;0; 6668197; 53819037; 1.3183240000000001e+00; 1.0000000000000000e+00; 0; 0; 0; 0; 0; 0.000; 0; 0; 0; 0; 0; 0.000; 0; 0; 0; 0; 0; 0.000; 0; 0; 0; 0; 0; 0.000; 0; 0; 0; 0; 0; 0.000; 1.3183240000000001e+00
/home/abrandt/src/dilation/instancias/uniform/uniform_070_06.in; g_s_dryRun; Unknown; 1.0000000000000000e+00; 1.7976931348623157e+308; 1.7976931348623157e+308; 5.6059068012237549e+02; 0.0000000000000000e+00; 1.7520718929767609e+03; 11664451; 11664451; 0;0; 6655881; 53794405; 1.3056170000000000e+00; 1.0000000000000000e+00; 0; 0; 0; 0; 0; 0.000; 0; 0; 0; 0; 0; 0.000; 0; 0; 0; 0; 0; 0.000; 0; 0; 0; 0; 0; 0.000; 0; 0; 0; 0; 0; 0.000; 1.3056170000000000e+00
/home/abrandt/src/dilation/instancias/uniform/uniform_070_08.in; g_s_dryRun; Unknown; 1.0000000000000000e+00; 1.7976931348623157e+308; 1.7976931348623157e+308; 6.3843923401832581e+02; 0.0000000000000000e+00; 1.8430770938396454e+03; 11664451; 11664451; 0;0; 6657176; 53796995; 1.2963929999999999e+00; 1.0000000000000000e+00; 0; 0; 0; 0; 0; 0.000; 0; 0; 0; 0; 0; 0.000; 0; 0; 0; 0; 0; 0.000; 0; 0; 0; 0; 0; 0.000; 0; 0; 0; 0; 0; 0.000; 1.2963929999999999e+00
/home/abrandt/src/dilation/instancias/uniform/uniform_070_09.in; g_s_dryRun; Unknown; 1.0000000000000000e+00; 1.7976931348623157e+308; 1.7976931348623157e+308; 4.8887988996505737e+02; 0.0000000000000000e+00; 1.7164238369464874e+03; 11664451; 11664451; 0;0; 6647445; 53777533; 1.3083430000000000e+00; 1.0000000000000000e+00; 0; 0; 0; 0; 0; 0.000; 0; 0; 0; 0; 0; 0.000; 0; 0; 0; 0; 0; 0.000; 0; 0; 0; 0; 0; 0.000; 0; 0; 0; 0; 0; 0.000; 1.3083430000000000e+00
/home/abrandt/src/dilation/instancias/uniform/uniform_070_10.in; g_s_dryRun; Unknown; 1.0000000000000000e+00; 1.7976931348623157e+308; 1.7976931348623157e+308; 6.2127761697769165e+02; 0.0000000000000000e+00; 1.9049637849330902e+03; 11664451; 11664451; 0;0; 6653662; 53789967; 1.3732640000000000e+00; 1.0000000000000000e+00; 0; 0; 0; 0; 0; 0.000; 0; 0; 0; 0; 0; 0.000; 0; 0; 0; 0; 0; 0.000; 0; 0; 0; 0; 0; 0.000; 0; 0; 0; 0; 0; 0.000; 1.3732640000000000e+00
/home/abrandt/src/dilation/instancias/uniform/uniform_070_11.in; g_s_dryRun; Unknown; 1.0000000000000000e+00; 1.7976931348623157e+308; 1.7976931348623157e+308; 5.5796573495864868e+02; 0.0000000000000000e+00; 1.7550052359104156e+03; 11664451; 11664451; 0;0; 6644635; 53771913; 1.3149080000000000e+00; 1.0000000000000000e+00; 0; 0; 0; 0; 0; 0.000; 0; 0; 0; 0; 0; 0.000; 0; 0; 0; 0; 0; 0.000; 0; 0; 0; 0; 0; 0.000; 0; 0; 0; 0; 0; 0.000; 1.3149080000000000e+00
/home/abrandt/src/dilation/instancias/uniform/uniform_070_12.in; g_s_dryRun; Unknown; 1.0000000000000000e+00; 1.7976931348623157e+308; 1.7976931348623157e+308; 5.3474014306068420e+02; 0.0000000000000000e+00; 1.7156731729507446e+03; 11664451; 11664451; 0;0; 6623900; 53730443; 1.3202769999999999e+00; 1.0000000000000000e+00; 0; 0; 0; 0; 0; 0.000; 0; 0; 0; 0; 0; 0.000; 0; 0; 0; 0; 0; 0.000; 0; 0; 0; 0; 0; 0.000; 0; 0; 0; 0; 0; 0.000; 1.3202769999999999e+00
/home/abrandt/src/dilation/instancias/uniform/uniform_070_13.in; g_s_dryRun; Unknown; 1.0000000000000000e+00; 1.7976931348623157e+308; 1.7976931348623157e+308; 5.2992765188217163e+02; 0.0000000000000000e+00; 1.6986551198959351e+03; 11664451; 11664451; 0;0; 6637524; 53757691; 1.3033870000000001e+00; 1.0000000000000000e+00; 0; 0; 0; 0; 0; 0.000; 0; 0; 0; 0; 0; 0.000; 0; 0; 0; 0; 0; 0.000; 0; 0; 0; 0; 0; 0.000; 0; 0; 0; 0; 0; 0.000; 1.3033870000000001e+00
/home/abrandt/src/dilation/instancias/uniform/uniform_070_14.in; g_s_dryRun; Unknown; 1.0000000000000000e+00; 1.7976931348623157e+308; 1.7976931348623157e+308; 5.1086317014694214e+02; 0.0000000000000000e+00; 1.7128903920650482e+03; 11664451; 11664451; 0;0; 6650227; 53783097; 1.3259320000000001e+00; 1.0000000000000000e+00; 0; 0; 0; 0; 0; 0.000; 0; 0; 0; 0; 0; 0.000; 0; 0; 0; 0; 0; 0.000; 0; 0; 0; 0; 0; 0.000; 0; 0; 0; 0; 0; 0.000; 1.3259320000000001e+00
/home/abrandt/src/dilation/instancias/uniform/uniform_070_15.in; g_s_dryRun; Unknown; 1.0000000000000000e+00; 1.7976931348623157e+308; 1.7976931348623157e+308; 5.9183683300018311e+02; 0.0000000000000000e+00; 1.8136467730998993e+03; 11664451; 11664451; 0;0; 6634270; 53751183; 1.3311029999999999e+00; 1.0000000000000000e+00; 0; 0; 0; 0; 0; 0.000; 0; 0; 0; 0; 0; 0.000; 0; 0; 0; 0; 0; 0.000; 0; 0; 0; 0; 0; 0.000; 0; 0; 0; 0; 0; 0.000; 1.3311029999999999e+00
/home/abrandt/src/dilation/instancias/uniform/uniform_070_16.in; g_s_dryRun; Unknown; 1.0000000000000000e+00; 1.7976931348623157e+308; 1.7976931348623157e+308; 5.5431278991699219e+02; 0.0000000000000000e+00; 1.7796762320995331e+03; 11664451; 11664451; 0;0; 6648207; 53779057; 1.3330219999999999e+00; 1.0000000000000000e+00; 0; 0; 0; 0; 0; 0.000; 0; 0; 0; 0; 0; 0.000; 0; 0; 0; 0; 0; 0.000; 0; 0; 0; 0; 0; 0.000; 0; 0; 0; 0; 0; 0.000; 1.3330219999999999e+00
/home/abrandt/src/dilation/instancias/uniform/uniform_070_17.in; g_s_dryRun; Unknown; 1.0000000000000000e+00; 1.7976931348623157e+308; 1.7976931348623157e+308; 5.6396069812774658e+02; 0.0000000000000000e+00; 1.7899770488739014e+03; 11664451; 11664451; 0;0; 6626399; 53735441; 1.3246750000000000e+00; 1.0000000000000000e+00; 0; 0; 0; 0; 0; 0.000; 0; 0; 0; 0; 0; 0.000; 0; 0; 0; 0; 0; 0.000; 0; 0; 0; 0; 0; 0.000; 0; 0; 0; 0; 0; 0.000; 1.3246750000000000e+00
/home/abrandt/src/dilation/instancias/uniform/uniform_070_18.in; g_s_dryRun; Unknown; 1.0000000000000000e+00; 1.7976931348623157e+308; 1.7976931348623157e+308; 5.7843329596519470e+02; 0.0000000000000000e+00; 1.7890872650146484e+03; 11664451; 11664451; 0;0; 6615784; 53714211; 1.3321050000000001e+00; 1.0000000000000000e+00; 0; 0; 0; 0; 0; 0.000; 0; 0; 0; 0; 0; 0.000; 0; 0; 0; 0; 0; 0.000; 0; 0; 0; 0; 0; 0.000; 0; 0; 0; 0; 0; 0.000; 1.3321050000000001e+00
/home/abrandt/src/dilation/instancias/uniform/uniform_070_19.in; g_s_dryRun; Unknown; 1.0000000000000000e+00; 1.7976931348623157e+308; 1.7976931348623157e+308; 5.0898589015007019e+02; 0.0000000000000000e+00; 1.7407209711074829e+03; 11664451; 11664451; 0;0; 6617351; 53717345; 1.3184750000000001e+00; 1.0000000000000000e+00; 0; 0; 0; 0; 0; 0.000; 0; 0; 0; 0; 0; 0.000; 0; 0; 0; 0; 0; 0.000; 0; 0; 0; 0; 0; 0.000; 0; 0; 0; 0; 0; 0.000; 1.3184750000000001e+00
/home/abrandt/src/dilation/instancias/uniform/uniform_070_20.in; g_s_dryRun; Unknown; 1.0000000000000000e+00; 1.7976931348623157e+308; 1.7976931348623157e+308; 5.4176720809936523e+02; 0.0000000000000000e+00; 1.7293360331058502e+03; 11664451; 11664451; 0;0; 6629732; 53742107; 1.3015650000000001e+00; 1.0000000000000000e+00; 0; 0; 0; 0; 0; 0.000; 0; 0; 0; 0; 0; 0.000; 0; 0; 0; 0; 0; 0.000; 0; 0; 0; 0; 0; 0.000; 0; 0; 0; 0; 0; 0.000; 1.3015650000000001e+00
/home/abrandt/src/dilation/instancias/uniform/uniform_070_21.in; g_s_dryRun; Unknown; 1.0000000000000000e+00; 1.7976931348623157e+308; 1.7976931348623157e+308; 5.0911446309089661e+02; 0.0000000000000000e+00; 1.6820489580631256e+03; 11664451; 11664451; 0;0; 6619426; 53721495; 1.3329210000000000e+00; 1.0000000000000000e+00; 0; 0; 0; 0; 0; 0.000; 0; 0; 0; 0; 0; 0.000; 0; 0; 0; 0; 0; 0.000; 0; 0; 0; 0; 0; 0.000; 0; 0; 0; 0; 0; 0.000; 1.3329210000000000e+00
/home/abrandt/src/dilation/instancias/uniform/uniform_070_22.in; g_s_dryRun; Unknown; 1.0000000000000000e+00; 1.7976931348623157e+308; 1.7976931348623157e+308; 5.8474690198898315e+02; 0.0000000000000000e+00; 1.8345114128589630e+03; 11664451; 11664451; 0;0; 6632287; 53747217; 1.2993189999999999e+00; 1.0000000000000000e+00; 0; 0; 0; 0; 0; 0.000; 0; 0; 0; 0; 0; 0.000; 0; 0; 0; 0; 0; 0.000; 0; 0; 0; 0; 0; 0.000; 0; 0; 0; 0; 0; 0.000; 1.2993189999999999e+00
/home/abrandt/src/dilation/instancias/uniform/uniform_070_23.in; g_s_dryRun; Unknown; 1.0000000000000000e+00; 1.7976931348623157e+308; 1.7976931348623157e+308; 5.2133664989471436e+02; 0.0000000000000000e+00; 1.7483645031452179e+03; 11664451; 11664451; 0;0; 6680711; 53844065; 1.3139500000000000e+00; 1.0000000000000000e+00; 0; 0; 0; 0; 0; 0.000; 0; 0; 0; 0; 0; 0.000; 0; 0; 0; 0; 0; 0.000; 0; 0; 0; 0; 0; 0.000; 0; 0; 0; 0; 0; 0.000; 1.3139500000000000e+00
/home/abrandt/src/dilation/instancias/uniform/uniform_070_24.in; g_s_dryRun; Unknown; 1.0000000000000000e+00; 1.7976931348623157e+308; 1.7976931348623157e+308; 5.0275205087661743e+02; 0.0000000000000000e+00; 1.6891929130554199e+03; 11664451; 11664451; 0;0; 6641302; 53765247; 1.3065610000000001e+00; 1.0000000000000000e+00; 0; 0; 0; 0; 0; 0.000; 0; 0; 0; 0; 0; 0.000; 0; 0; 0; 0; 0; 0.000; 0; 0; 0; 0; 0; 0.000; 0; 0; 0; 0; 0; 0.000; 1.3065610000000001e+00
/home/abrandt/src/dilation/instancias/uniform/uniform_070_25.in; g_s_dryRun; Unknown; 1.0000000000000000e+00; 1.7976931348623157e+308; 1.7976931348623157e+308; 6.1744369292259216e+02; 0.0000000000000000e+00; 1.9652678208351135e+03; 11664451; 11664451; 0;0; 6631408; 53745459; 1.2977520000000000e+00; 1.0000000000000000e+00; 0; 0; 0; 0; 0; 0.000; 0; 0; 0; 0; 0; 0.000; 0; 0; 0; 0; 0; 0.000; 0; 0; 0; 0; 0; 0.000; 0; 0; 0; 0; 0; 0.000; 1.2977520000000000e+00
/home/abrandt/src/dilation/instancias/uniform/uniform_070_26.in; g_s_dryRun; Unknown; 1.0000000000000000e+00; 1.7976931348623157e+308; 1.7976931348623157e+308; 5.8355172991752625e+02; 0.0000000000000000e+00; 1.8253448410034180e+03; 11664451; 11664451; 0;0; 6649045; 53780733; 1.3088290000000000e+00; 1.0000000000000000e+00; 0; 0; 0; 0; 0; 0.000; 0; 0; 0; 0; 0; 0.000; 0; 0; 0; 0; 0; 0.000; 0; 0; 0; 0; 0; 0.000; 0; 0; 0; 0; 0; 0.000; 1.3088290000000000e+00
/home/abrandt/src/dilation/instancias/uniform/uniform_070_27.in; g_s_dryRun; Unknown; 1.0000000000000000e+00; 1.7976931348623157e+308; 1.7976931348623157e+308; 5.5469326019287109e+02; 0.0000000000000000e+00; 1.8140374209880829e+03; 11664451; 11664451; 0;0; 6637586; 53757815; 1.3255429999999999e+00; 1.0000000000000000e+00; 0; 0; 0; 0; 0; 0.000; 0; 0; 0; 0; 0; 0.000; 0; 0; 0; 0; 0; 0.000; 0; 0; 0; 0; 0; 0.000; 0; 0; 0; 0; 0; 0.000; 1.3255429999999999e+00
/home/abrandt/src/dilation/instancias/uniform/uniform_070_28.in; g_s_dryRun; Unknown; 1.0000000000000000e+00; 1.7976931348623157e+308; 1.7976931348623157e+308; 6.5808999300003052e+02; 0.0000000000000000e+00; 1.9385822060108185e+03; 11664451; 11664451; 0;0; 6664722; 53812087; 1.3405110000000000e+00; 1.0000000000000000e+00; 0; 0; 0; 0; 0; 0.000; 0; 0; 0; 0; 0; 0.000; 0; 0; 0; 0; 0; 0.000; 0; 0; 0; 0; 0; 0.000; 0; 0; 0; 0; 0; 0.000; 1.3405110000000000e+00
/home/abrandt/src/dilation/instancias/uniform/uniform_070_29.in; g_s_dryRun; Unknown; 1.0000000000000000e+00; 1.7976931348623157e+308; 1.7976931348623157e+308; 6.0981306695938110e+02; 0.0000000000000000e+00; 1.8613368530273438e+03; 11664451; 11664451; 0;0; 6621621; 53725885; 1.2913580000000000e+00; 1.0000000000000000e+00; 0; 0; 0; 0; 0; 0.000; 0; 0; 0; 0; 0; 0.000; 0; 0; 0; 0; 0; 0.000; 0; 0; 0; 0; 0; 0.000; 0; 0; 0; 0; 0; 0.000; 1.2913580000000000e+00
