instanceFile;comment;status;LB;UB;Gap;ModelingTime;cplexTime;totalTime;nVarsTotal;nVarsFree;excludedByEllipse;exclusionReg;nConstr;nNonZeros;preproc.UB;preproc.LB;preproc.fixedArcs;preproc.fixedEdges;preproc.fixedPaths;preproc.blockedArcs;preproc.blockedEdges;preproc.time;preproc.outOfEllipse.fixedArcs;preproc.outOfEllipse.fixedEdges;preproc.outOfEllipse.fixedPaths;preproc.outOfEllipse.blockedArcs;preproc.outOfEllipse.blockedEdges;preproc.outOfEllipse.time;preproc.excludedByEllipse.fixedArcs;preproc.excludedByEllipse.fixedEdges;preproc.excludedByEllipse.fixedPaths;preproc.excludedByEllipse.blockedArcs;preproc.excludedByEllipse.blockedEdges;preproc.excludedByEllipse.time;preproc.fixUniquePath.fixedArcs;preproc.fixUniquePath.fixedEdges;preproc.fixUniquePath.fixedPaths;preproc.fixUniquePath.blockedArcs;preproc.fixUniquePath.blockedEdges;preproc.fixUniquePath.time;preproc.fixNotCrossed.fixedArcs;preproc.fixNotCrossed.fixedEdges;preproc.fixNotCrossed.fixedPaths;preproc.fixNotCrossed.blockedArcs;preproc.fixNotCrossed.blockedEdges;preproc.fixNotCrossed.time;solFile
/home/abrandt/src/dilation/instancias/uniform/uniform_010_00.in;gps_dryRun;Unknown;1.0000000000000000e+00;1.7976931348623157e+308;1.7976931348623157e+308;2.3611068725585938e-02;0.0000000000000000e+00;4.1115999221801758e-02;4051;597;0;0;773;2827;1.3053310000000000e+00;1.0000000000000000e+00;15;15;15;3439;17;0.;0;0;0;3348;0;0.000;0;0;0;0;0;0.000;12;12;12;62;17;0.000;3;3;3;29;0;0.;1.3053310000000000e+00
/home/abrandt/src/dilation/instancias/uniform/uniform_010_01.in;gps_dryRun;Unknown;1.0000000000000000e+00;1.7976931348623157e+308;1.7976931348623157e+308;3.0980110168457031e-03;0.0000000000000000e+00;2.7524948120117188e-02;4051;543;0;0;748;2595;1.3175589999999999e+00;1.0000000000000000e+00;16;16;16;3492;16;0.;0;0;0;3394;0;0.000;0;0;0;0;0;0.000;12;12;12;66;16;0.000;4;4;4;32;0;0.;1.3175589999999999e+00
/home/abrandt/src/dilation/instancias/uniform/uniform_010_02.in;gps_dryRun;Unknown;1.0000000000000000e+00;1.7976931348623157e+308;1.7976931348623157e+308;2.9609203338623047e-03;0.0000000000000000e+00;2.4440050125122070e-02;4051;457;0;0;460;1959;1.2582059999999999e+00;1.0000000000000000e+00;18;18;18;3576;23;0.;0;0;0;3436;0;0.000;0;0;0;0;0;0.000;15;15;15;119;23;0.000;3;3;3;21;0;0.;1.2582059999999999e+00
/home/abrandt/src/dilation/instancias/uniform/uniform_010_03.in;gps_dryRun;Unknown;1.0000000000000000e+00;1.7976931348623157e+308;1.7976931348623157e+308;2.9971599578857422e-03;0.0000000000000000e+00;2.2881031036376953e-02;4051;567;0;0;549;2448;1.2253200000000000e+00;1.0000000000000000e+00;19;19;19;3465;20;0.;0;0;0;3316;0;0.000;0;0;0;0;0;0.000;15;15;15;109;20;0.000;4;4;4;40;0;0.;1.2253200000000000e+00
/home/abrandt/src/dilation/instancias/uniform/uniform_010_04.in;gps_dryRun;Unknown;1.0000000000000000e+00;1.7976931348623157e+308;1.7976931348623157e+308;2.9098987579345703e-03;0.0000000000000000e+00;2.4981021881103516e-02;4051;533;0;0;455;2203;1.2111609999999999e+00;1.0000000000000000e+00;20;20;20;3498;23;0.;0;0;0;3328;0;0.000;0;0;0;0;0;0.000;16;16;16;144;23;0.000;4;4;4;26;0;0.;1.2111609999999999e+00
/home/abrandt/src/dilation/instancias/uniform/uniform_010_05.in;gps_dryRun;Unknown;1.0000000000000000e+00;1.7976931348623157e+308;1.7976931348623157e+308;3.9849281311035156e-03;0.0000000000000000e+00;2.1427869796752930e-02;4051;453;0;0;704;2269;1.1984809999999999e+00;1.0000000000000000e+00;18;18;18;3580;13;0.;0;0;0;3498;0;0.000;0;0;0;0;0;0.000;14;14;14;50;13;0.000;4;4;4;32;0;0.;1.1984809999999999e+00
/home/abrandt/src/dilation/instancias/uniform/uniform_010_06.in;gps_dryRun;Unknown;1.0000000000000000e+00;1.7976931348623157e+308;1.7976931348623157e+308;2.7091503143310547e-03;0.0000000000000000e+00;2.1745920181274414e-02;4051;269;0;0;296;1147;1.1593480000000000e+00;1.0000000000000000e+00;20;20;20;3762;23;0.;0;0;0;3684;0;0.000;0;0;0;0;0;0.000;17;17;17;47;23;0.000;3;3;3;31;0;0.;1.1593480000000000e+00
/home/abrandt/src/dilation/instancias/uniform/uniform_010_07.in;gps_dryRun;Unknown;1.0000000000000000e+00;1.7976931348623157e+308;1.7976931348623157e+308;4.0349960327148438e-03;0.0000000000000000e+00;2.0457983016967773e-02;4051;391;0;0;425;1695;1.2043520000000001e+00;1.0000000000000000e+00;18;18;18;3642;23;0.;0;0;0;3544;0;0.000;0;0;0;0;0;0.000;17;17;17;83;23;0.000;1;1;1;15;0;0.;1.2043520000000001e+00
/home/abrandt/src/dilation/instancias/uniform/uniform_010_08.in;gps_dryRun;Unknown;1.0000000000000000e+00;1.7976931348623157e+308;1.7976931348623157e+308;2.7921199798583984e-03;0.0000000000000000e+00;2.1821975708007812e-02;4051;333;0;0;384;1453;1.1942269999999999e+00;1.0000000000000000e+00;20;20;20;3698;21;0.;0;0;0;3578;0;0.000;0;0;0;0;0;0.000;16;16;16;82;21;0.000;4;4;4;38;0;0.;1.1942269999999999e+00
/home/abrandt/src/dilation/instancias/uniform/uniform_010_09.in;gps_dryRun;Unknown;1.0000000000000000e+00;1.7976931348623157e+308;1.7976931348623157e+308;2.7799606323242188e-03;0.0000000000000000e+00;2.3041963577270508e-02;4051;301;0;0;316;1275;1.1442559999999999e+00;1.0000000000000000e+00;20;20;20;3730;23;0.;0;0;0;3658;0;0.000;0;0;0;0;0;0.000;17;17;17;51;23;0.000;3;3;3;21;0;0.;1.1442559999999999e+00
/home/abrandt/src/dilation/instancias/uniform/uniform_010_10.in;gps_dryRun;Unknown;1.0000000000000000e+00;1.7976931348623157e+308;1.7976931348623157e+308;3.5128593444824219e-03;0.0000000000000000e+00;2.0725011825561523e-02;4051;295;0;0;316;1251;1.1274610000000000e+00;1.0000000000000000e+00;20;20;20;3736;23;0.;0;0;0;3666;0;0.000;0;0;0;0;0;0.000;17;17;17;55;23;0.000;3;3;3;15;0;0.;1.1274610000000000e+00
/home/abrandt/src/dilation/instancias/uniform/uniform_010_11.in;gps_dryRun;Unknown;1.0000000000000000e+00;1.7976931348623157e+308;1.7976931348623157e+308;2.8719902038574219e-03;0.0000000000000000e+00;2.1799802780151367e-02;4051;349;0;0;455;1581;1.1445669999999999e+00;1.0000000000000000e+00;18;18;18;3684;21;0.;0;0;0;3608;0;0.000;0;0;0;0;0;0.000;15;15;15;49;21;0.000;3;3;3;27;0;0.;1.1445669999999999e+00
/home/abrandt/src/dilation/instancias/uniform/uniform_010_12.in;gps_dryRun;Unknown;1.0000000000000000e+00;1.7976931348623157e+308;1.7976931348623157e+308;2.8049945831298828e-03;0.0000000000000000e+00;2.3714065551757812e-02;4051;335;0;0;387;1466;1.1864399999999999e+00;1.0000000000000000e+00;19;19;19;3697;22;0.;0;0;0;3610;0;0.000;0;0;0;0;0;0.000;15;15;15;55;22;0.000;4;4;4;32;0;0.;1.1864399999999999e+00
/home/abrandt/src/dilation/instancias/uniform/uniform_010_13.in;gps_dryRun;Unknown;1.0000000000000000e+00;1.7976931348623157e+308;1.7976931348623157e+308;4.1260719299316406e-03;0.0000000000000000e+00;2.0921945571899414e-02;4051;491;0;0;655;2329;1.2291490000000000e+00;1.0000000000000000e+00;16;16;16;3544;18;0.;0;0;0;3480;0;0.000;0;0;0;0;0;0.000;12;12;12;38;18;0.000;4;4;4;26;0;0.;1.2291490000000000e+00
/home/abrandt/src/dilation/instancias/uniform/uniform_010_14.in;gps_dryRun;Unknown;1.0000000000000000e+00;1.7976931348623157e+308;1.7976931348623157e+308;2.7740001678466797e-03;0.0000000000000000e+00;2.1593093872070312e-02;4051;335;0;0;296;1360;1.1554739999999999e+00;1.0000000000000000e+00;21;21;21;3695;24;0.;0;0;0;3608;0;0.000;0;0;0;0;0;0.000;19;19;19;77;24;0.000;2;2;2;10;0;0.;1.1554739999999999e+00
/home/abrandt/src/dilation/instancias/uniform/uniform_010_15.in;gps_dryRun;Unknown;1.0000000000000000e+00;1.7976931348623157e+308;1.7976931348623157e+308;2.9039382934570312e-03;0.0000000000000000e+00;2.2667884826660156e-02;4051;285;0;0;310;1211;1.1569339999999999e+00;1.0000000000000000e+00;20;20;20;3746;23;0.;0;0;0;3696;0;0.000;0;0;0;0;0;0.000;20;20;20;50;23;0.000;0;0;0;0;0;0.;1.1569339999999999e+00
/home/abrandt/src/dilation/instancias/uniform/uniform_010_16.in;gps_dryRun;Unknown;1.0000000000000000e+00;1.7976931348623157e+308;1.7976931348623157e+308;3.7510395050048828e-03;0.0000000000000000e+00;2.2379159927368164e-02;4051;359;0;0;474;1653;1.1583589999999999e+00;1.0000000000000000e+00;18;18;18;3674;20;0.;0;0;0;3606;0;0.000;0;0;0;0;0;0.000;15;15;15;47;20;0.000;3;3;3;21;0;0.;1.1583589999999999e+00
/home/abrandt/src/dilation/instancias/uniform/uniform_010_17.in;gps_dryRun;Unknown;1.0000000000000000e+00;1.7976931348623157e+308;1.7976931348623157e+308;2.7890205383300781e-03;0.0000000000000000e+00;2.1670103073120117e-02;4051;353;0;0;311;1434;1.2061010000000001e+00;1.0000000000000000e+00;19;19;19;3679;26;0.;0;0;0;3618;0;0.000;0;0;0;0;0;0.000;19;19;19;61;26;0.000;0;0;0;0;0;0.;1.2061010000000001e+00
/home/abrandt/src/dilation/instancias/uniform/uniform_010_18.in;gps_dryRun;Unknown;1.0000000000000000e+00;1.7976931348623157e+308;1.7976931348623157e+308;2.7978420257568359e-03;0.0000000000000000e+00;2.2526979446411133e-02;4051;357;0;0;313;1449;1.1637780000000000e+00;1.0000000000000000e+00;20;20;20;3674;25;0.;0;0;0;3562;0;0.000;0;0;0;0;0;0.000;17;17;17;85;25;0.000;3;3;3;27;0;0.;1.1637780000000000e+00
/home/abrandt/src/dilation/instancias/uniform/uniform_010_19.in;gps_dryRun;Unknown;1.0000000000000000e+00;1.7976931348623157e+308;1.7976931348623157e+308;2.8800964355468750e-03;0.0000000000000000e+00;2.4239063262939453e-02;4051;409;0;0;427;1757;1.1504680000000000e+00;1.0000000000000000e+00;20;20;20;3622;21;0.;0;0;0;3498;0;0.000;0;0;0;0;0;0.000;13;13;13;79;21;0.000;7;7;7;45;0;0.;1.1504680000000000e+00
/home/abrandt/src/dilation/instancias/uniform/uniform_010_20.in;gps_dryRun;Unknown;1.0000000000000000e+00;1.7976931348623157e+308;1.7976931348623157e+308;3.8449764251708984e-03;0.0000000000000000e+00;2.2951126098632812e-02;4051;415;0;0;388;1728;1.1356250000000001e+00;1.0000000000000000e+00;21;21;21;3615;22;0.;0;0;0;3480;0;0.000;0;0;0;0;0;0.000;15;15;15;93;22;0.000;6;6;6;42;0;0.;1.1356250000000001e+00
/home/abrandt/src/dilation/instancias/uniform/uniform_010_21.in;gps_dryRun;Unknown;1.0000000000000000e+00;1.7976931348623157e+308;1.7976931348623157e+308;2.9649734497070312e-03;0.0000000000000000e+00;2.2673130035400391e-02;4051;431;0;0;524;1949;1.2241460000000000e+00;1.0000000000000000e+00;17;17;17;3603;21;0.;0;0;0;3502;0;0.000;0;0;0;0;0;0.000;13;13;13;81;21;0.000;4;4;4;20;0;0.;1.2241460000000000e+00
/home/abrandt/src/dilation/instancias/uniform/uniform_010_22.in;gps_dryRun;Unknown;1.0000000000000000e+00;1.7976931348623157e+308;1.7976931348623157e+308;2.8400421142578125e-03;0.0000000000000000e+00;2.3324966430664062e-02;4051;357;0;0;354;1505;1.1855370000000001e+00;1.0000000000000000e+00;18;18;18;3676;25;0.;0;0;0;3634;0;0.000;0;0;0;0;0;0.000;17;17;17;37;25;0.000;1;1;1;5;0;0.;1.1855370000000001e+00
/home/abrandt/src/dilation/instancias/uniform/uniform_010_23.in;gps_dryRun;Unknown;1.0000000000000000e+00;1.7976931348623157e+308;1.7976931348623157e+308;3.7970542907714844e-03;0.0000000000000000e+00;2.1414041519165039e-02;4051;317;0;0;441;1469;1.1829310000000000e+00;1.0000000000000000e+00;20;20;20;3714;18;0.;0;0;0;3608;0;0.000;0;0;0;0;0;0.000;16;16;16;60;18;0.000;4;4;4;46;0;0.;1.1829310000000000e+00
/home/abrandt/src/dilation/instancias/uniform/uniform_010_24.in;gps_dryRun;Unknown;1.0000000000000000e+00;1.7976931348623157e+308;1.7976931348623157e+308;2.8669834136962891e-03;0.0000000000000000e+00;2.2526979446411133e-02;4051;381;0;0;416;1650;1.2038120000000001e+00;1.0000000000000000e+00;19;19;19;3651;22;0.;0;0;0;3558;0;0.000;0;0;0;0;0;0.000;18;18;18;88;22;0.000;1;1;1;5;0;0.;1.2038120000000001e+00
/home/abrandt/src/dilation/instancias/uniform/uniform_010_25.in;gps_dryRun;Unknown;1.0000000000000000e+00;1.7976931348623157e+308;1.7976931348623157e+308;3.0179023742675781e-03;0.0000000000000000e+00;2.3746967315673828e-02;4051;401;0;0;615;1957;1.1809790000000000e+00;1.0000000000000000e+00;17;17;17;3633;17;0.;0;0;0;3532;0;0.000;0;0;0;0;0;0.000;14;14;14;74;17;0.000;3;3;3;27;0;0.;1.1809790000000000e+00
/home/abrandt/src/dilation/instancias/uniform/uniform_010_26.in;gps_dryRun;Unknown;1.0000000000000000e+00;1.7976931348623157e+308;1.7976931348623157e+308;3.6270618438720703e-03;0.0000000000000000e+00;2.3190975189208984e-02;4051;507;0;0;541;2245;1.1808770000000000e+00;1.0000000000000000e+00;18;18;18;3526;20;0.;0;0;0;3414;0;0.000;0;0;0;0;0;0.000;14;14;14;86;20;0.000;4;4;4;26;0;0.;1.1808770000000000e+00
/home/abrandt/src/dilation/instancias/uniform/uniform_010_27.in;gps_dryRun;Unknown;1.0000000000000000e+00;1.7976931348623157e+308;1.7976931348623157e+308;2.9180049896240234e-03;0.0000000000000000e+00;2.7809858322143555e-02;4051;519;0;0;449;2147;1.2158240000000000e+00;1.0000000000000000e+00;20;20;20;3512;23;0.;0;0;0;3354;0;0.000;0;0;0;0;0;0.000;17;17;17;131;23;0.000;3;3;3;27;0;0.;1.2158240000000000e+00
/home/abrandt/src/dilation/instancias/uniform/uniform_010_28.in;gps_dryRun;Unknown;1.0000000000000000e+00;1.7976931348623157e+308;1.7976931348623157e+308;2.7389526367187500e-03;0.0000000000000000e+00;2.1736860275268555e-02;4051;293;0;0;318;1246;1.1761509999999999e+00;1.0000000000000000e+00;19;19;19;3739;24;0.;0;0;0;3700;0;0.000;0;0;0;0;0;0.000;17;17;17;29;24;0.000;2;2;2;10;0;0.;1.1761509999999999e+00
/home/abrandt/src/dilation/instancias/uniform/uniform_010_29.in;gps_dryRun;Unknown;1.0000000000000000e+00;1.7976931348623157e+308;1.7976931348623157e+308;3.7369728088378906e-03;0.0000000000000000e+00;2.3410081863403320e-02;4051;325;0;0;333;1371;1.1589719999999999e+00;1.0000000000000000e+00;20;20;20;3706;23;0.;0;0;0;3662;0;0.000;0;0;0;0;0;0.000;19;19;19;39;23;0.000;1;1;1;5;0;0.;1.1589719999999999e+00
/home/abrandt/src/dilation/instancias/uniform/uniform_020_00.in;gps_dryRun;Unknown;1.0000000000000000e+00;1.7976931348623157e+308;1.7976931348623157e+308;4.2295932769775391e-02;0.0000000000000000e+00;4.2299604415893555e-01;72201;7141;0;0;10540;35835;1.3106960000000001e+00;1.0000000000000000e+00;33;33;33;65027;113;0.011;0;0;0;61172;0;0.008;0;0;0;0;0;0.000;28;28;28;3766;113;0.003;5;5;5;89;0;0.;1.3106960000000001e+00
/home/abrandt/src/dilation/instancias/uniform/uniform_020_01.in;gps_dryRun;Unknown;1.0000000000000000e+00;1.7976931348623157e+308;1.7976931348623157e+308;3.6902189254760742e-02;0.0000000000000000e+00;3.8147711753845215e-01;72201;4719;0;0;7613;23970;1.2046319999999999e+00;1.0000000000000000e+00;38;38;38;67444;120;0.011;0;0;0;65462;0;0.007;0;0;0;0;0;0.000;32;32;32;1914;120;0.004;6;6;6;68;0;0.;1.2046319999999999e+00
/home/abrandt/src/dilation/instancias/uniform/uniform_020_02.in;gps_dryRun;Unknown;1.0000000000000000e+00;1.7976931348623157e+308;1.7976931348623157e+308;3.8112878799438477e-02;0.0000000000000000e+00;4.1565489768981934e-01;72201;6019;0;0;7056;27729;1.2540260000000001e+00;1.0000000000000000e+00;39;39;39;66143;128;0.011;0;0;0;62118;0;0.008;0;0;0;0;0;0.000;35;35;35;3915;128;0.003;4;4;4;110;0;0.;1.2540260000000001e+00
/home/abrandt/src/dilation/instancias/uniform/uniform_020_03.in;gps_dryRun;Unknown;1.0000000000000000e+00;1.7976931348623157e+308;1.7976931348623157e+308;4.2609930038452148e-02;0.0000000000000000e+00;4.2775702476501465e-01;72201;7129;0;0;11067;36709;1.2800430000000000e+00;1.0000000000000000e+00;35;35;35;65037;106;8e-3;0;0;0;62288;0;0.005;0;0;0;0;0;0.000;27;27;27;2561;106;0.003;8;8;8;188;0;0.;1.2800430000000000e+00
/home/abrandt/src/dilation/instancias/uniform/uniform_020_04.in;gps_dryRun;Unknown;1.0000000000000000e+00;1.7976931348623157e+308;1.7976931348623157e+308;3.9741992950439453e-02;0.0000000000000000e+00;4.0850496292114258e-01;72201;6707;0;0;8729;32222;1.2755080000000001e+00;1.0000000000000000e+00;38;38;38;65456;118;9e-3;0;0;0;62316;0;0.005;0;0;0;0;0;0.000;31;31;31;3017;118;0.004;7;7;7;123;0;0.;1.2755080000000001e+00
/home/abrandt/src/dilation/instancias/uniform/uniform_020_05.in;gps_dryRun;Unknown;1.0000000000000000e+00;1.7976931348623157e+308;1.7976931348623157e+308;3.8938045501708984e-02;0.0000000000000000e+00;4.2998886108398438e-01;72201;6639;0;0;8192;31119;1.3104880000000001e+00;1.0000000000000000e+00;40;40;40;65522;121;9e-3;0;0;0;61034;0;0.005;0;0;0;0;0;0.000;31;31;31;4351;121;0.004;9;9;9;137;0;0.;1.3104880000000001e+00
/home/abrandt/src/dilation/instancias/uniform/uniform_020_06.in;gps_dryRun;Unknown;1.0000000000000000e+00;1.7976931348623157e+308;1.7976931348623157e+308;3.7157773971557617e-02;0.0000000000000000e+00;4.1176915168762207e-01;72201;5859;0;0;6399;26453;1.2640940000000001e+00;1.0000000000000000e+00;40;40;40;66302;131;9e-3;0;0;0;62936;0;0.006;0;0;0;0;0;0.000;34;34;34;3264;131;0.003;6;6;6;102;0;0.;1.2640940000000001e+00
/home/abrandt/src/dilation/instancias/uniform/uniform_020_07.in;gps_dryRun;Unknown;1.0000000000000000e+00;1.7976931348623157e+308;1.7976931348623157e+308;3.6808013916015625e-02;0.0000000000000000e+00;3.8730788230895996e-01;72201;5241;0;0;6878;24931;1.2362510000000000e+00;1.0000000000000000e+00;40;40;40;66920;125;0.011;0;0;0;64252;0;0.007;0;0;0;0;0;0.000;34;34;34;2584;125;0.004;6;6;6;84;0;0.;1.2362510000000000e+00
/home/abrandt/src/dilation/instancias/uniform/uniform_020_08.in;gps_dryRun;Unknown;1.0000000000000000e+00;1.7976931348623157e+308;1.7976931348623157e+308;4.0628910064697266e-02;0.0000000000000000e+00;3.7155008316040039e-01;72201;5403;0;0;10140;29197;1.2322630000000001e+00;1.0000000000000000e+00;31;31;31;66767;113;0.01;0;0;0;64774;0;0.007;0;0;0;0;0;0.000;24;24;24;1912;113;0.003;7;7;7;81;0;0.;1.2322630000000001e+00
/home/abrandt/src/dilation/instancias/uniform/uniform_020_09.in;gps_dryRun;Unknown;1.0000000000000000e+00;1.7976931348623157e+308;1.7976931348623157e+308;4.1054010391235352e-02;0.0000000000000000e+00;4.0617895126342773e-01;72201;6895;0;0;9529;34052;1.2998300000000000e+00;1.0000000000000000e+00;36;36;36;65270;114;0.011;0;0;0;62076;0;0.007;0;0;0;0;0;0.000;28;28;28;3058;114;0.004;8;8;8;136;0;0.;1.2998300000000000e+00
/home/abrandt/src/dilation/instancias/uniform/uniform_020_10.in;gps_dryRun;Unknown;1.0000000000000000e+00;1.7976931348623157e+308;1.7976931348623157e+308;3.7514925003051758e-02;0.0000000000000000e+00;3.8995504379272461e-01;72201;5467;0;0;6811;25519;1.2850239999999999e+00;1.0000000000000000e+00;39;39;39;66695;128;0.011;0;0;0;63474;0;0.008;0;0;0;0;0;0.000;33;33;33;3191;128;0.003;6;6;6;30;0;0.;1.2850239999999999e+00
/home/abrandt/src/dilation/instancias/uniform/uniform_020_11.in;gps_dryRun;Unknown;1.0000000000000000e+00;1.7976931348623157e+308;1.7976931348623157e+308;3.3628940582275391e-02;0.0000000000000000e+00;3.8254380226135254e-01;72201;5051;0;0;4307;21187;1.2531909999999999e+00;1.0000000000000000e+00;49;49;49;67101;135;0.01;0;0;0;63584;0;0.006;0;0;0;0;0;0.000;40;40;40;3366;135;0.004;9;9;9;151;0;0.;1.2531909999999999e+00
/home/abrandt/src/dilation/instancias/uniform/uniform_020_12.in;gps_dryRun;Unknown;1.0000000000000000e+00;1.7976931348623157e+308;1.7976931348623157e+308;4.2050838470458984e-02;0.0000000000000000e+00;3.9516305923461914e-01;72201;6497;0;0;11532;34818;1.2509239999999999e+00;1.0000000000000000e+00;34;34;34;65670;104;9e-3;0;0;0;62794;0;0.006;0;0;0;0;0;0.000;29;29;29;2805;104;0.003;5;5;5;71;0;0.;1.2509239999999999e+00
/home/abrandt/src/dilation/instancias/uniform/uniform_020_13.in;gps_dryRun;Unknown;1.0000000000000000e+00;1.7976931348623157e+308;1.7976931348623157e+308;3.7929058074951172e-02;0.0000000000000000e+00;3.8446712493896484e-01;72201;5627;0;0;7934;27419;1.2715959999999999e+00;1.0000000000000000e+00;39;39;39;66535;120;9e-3;0;0;0;63594;0;0.006;0;0;0;0;0;0.000;32;32;32;2850;120;0.003;7;7;7;91;0;0.;1.2715959999999999e+00
/home/abrandt/src/dilation/instancias/uniform/uniform_020_14.in;gps_dryRun;Unknown;1.0000000000000000e+00;1.7976931348623157e+308;1.7976931348623157e+308;3.9905786514282227e-02;0.0000000000000000e+00;4.2076611518859863e-01;72201;6641;0;0;9000;32171;1.3191889999999999e+00;1.0000000000000000e+00;36;36;36;65524;119;0.011;0;0;0;61808;0;0.007;0;0;0;0;0;0.000;31;31;31;3591;119;0.004;5;5;5;125;0;0.;1.3191889999999999e+00
/home/abrandt/src/dilation/instancias/uniform/uniform_020_15.in;gps_dryRun;Unknown;1.0000000000000000e+00;1.7976931348623157e+308;1.7976931348623157e+308;4.1424036026000977e-02;0.0000000000000000e+00;3.9309692382812500e-01;72201;6135;0;0;10887;32695;1.2401990000000001e+00;1.0000000000000000e+00;34;34;34;66032;107;0.011;0;0;0;63604;0;0.007;0;0;0;0;0;0.000;28;28;28;2364;107;0.004;6;6;6;64;0;0.;1.2401990000000001e+00
/home/abrandt/src/dilation/instancias/uniform/uniform_020_16.in;gps_dryRun;Unknown;1.0000000000000000e+00;1.7976931348623157e+308;1.7976931348623157e+308;3.9000988006591797e-02;0.0000000000000000e+00;4.2139291763305664e-01;72201;6535;0;0;8000;30783;1.3129210000000000e+00;1.0000000000000000e+00;36;36;36;65630;125;9e-3;0;0;0;61772;0;0.005;0;0;0;0;0;0.000;30;30;30;3764;125;0.004;6;6;6;94;0;0.;1.3129210000000000e+00
/home/abrandt/src/dilation/instancias/uniform/uniform_020_17.in;gps_dryRun;Unknown;1.0000000000000000e+00;1.7976931348623157e+308;1.7976931348623157e+308;4.2988061904907227e-02;0.0000000000000000e+00;4.0373206138610840e-01;72201;6521;0;0;12344;35839;1.2484540000000000e+00;1.0000000000000000e+00;31;31;31;65649;100;0.011;0;0;0;63422;0;0.008;0;0;0;0;0;0.000;24;24;24;2098;100;0.003;7;7;7;129;0;0.;1.2484540000000000e+00
/home/abrandt/src/dilation/instancias/uniform/uniform_020_18.in;gps_dryRun;Unknown;1.0000000000000000e+00;1.7976931348623157e+308;1.7976931348623157e+308;4.1002035140991211e-02;0.0000000000000000e+00;4.5049405097961426e-01;72201;7677;0;0;8988;35987;1.3166789999999999e+00;1.0000000000000000e+00;36;36;36;64488;121;9e-3;0;0;0;59000;0;0.005;0;0;0;0;0;0.000;29;29;29;5389;121;0.004;7;7;7;99;0;0.;1.3166789999999999e+00
/home/abrandt/src/dilation/instancias/uniform/uniform_020_19.in;gps_dryRun;Unknown;1.0000000000000000e+00;1.7976931348623157e+308;1.7976931348623157e+308;3.6914825439453125e-02;0.0000000000000000e+00;3.9339804649353027e-01;72201;5813;0;0;6879;26867;1.2921510000000000e+00;1.0000000000000000e+00;40;40;40;66348;127;9e-3;0;0;0;62644;0;0.006;0;0;0;0;0;0.000;33;33;33;3627;127;0.003;7;7;7;77;0;0.;1.2921510000000000e+00
/home/abrandt/src/dilation/instancias/uniform/uniform_020_20.in;gps_dryRun;Unknown;1.0000000000000000e+00;1.7976931348623157e+308;1.7976931348623157e+308;3.9846897125244141e-02;0.0000000000000000e+00;4.1901898384094238e-01;72201;6797;0;0;8245;31935;1.3139840000000000e+00;1.0000000000000000e+00;39;39;39;65365;121;0.01;0;0;0;61664;0;0.006;0;0;0;0;0;0.000;31;31;31;3609;121;0.004;8;8;8;92;0;0.;1.3139840000000000e+00
/home/abrandt/src/dilation/instancias/uniform/uniform_020_21.in;gps_dryRun;Unknown;1.0000000000000000e+00;1.7976931348623157e+308;1.7976931348623157e+308;3.9853096008300781e-02;0.0000000000000000e+00;3.9029788970947266e-01;72201;5991;0;0;9802;30933;1.2905370000000000e+00;1.0000000000000000e+00;35;35;35;66175;112;0.01;0;0;0;63862;0;0.007;0;0;0;0;0;0.000;29;29;29;2239;112;0.003;6;6;6;74;0;0.;1.2905370000000000e+00
/home/abrandt/src/dilation/instancias/uniform/uniform_020_22.in;gps_dryRun;Unknown;1.0000000000000000e+00;1.7976931348623157e+308;1.7976931348623157e+308;3.7943124771118164e-02;0.0000000000000000e+00;4.2546105384826660e-01;72201;6849;0;0;6725;30246;1.3422600000000000e+00;1.0000000000000000e+00;40;40;40;65312;132;9e-3;0;0;0;60450;0;0.005;0;0;0;0;0;0.000;32;32;32;4760;132;0.004;8;8;8;102;0;0.;1.3422600000000000e+00
/home/abrandt/src/dilation/instancias/uniform/uniform_020_23.in;gps_dryRun;Unknown;1.0000000000000000e+00;1.7976931348623157e+308;1.7976931348623157e+308;4.0253162384033203e-02;0.0000000000000000e+00;4.0671801567077637e-01;72201;6145;0;0;8575;29947;1.2765850000000001e+00;1.0000000000000000e+00;34;34;34;66022;123;0.01;0;0;0;62880;0;0.007;0;0;0;0;0;0.000;30;30;30;3076;123;0.003;4;4;4;66;0;0.;1.2765850000000001e+00
/home/abrandt/src/dilation/instancias/uniform/uniform_020_24.in;gps_dryRun;Unknown;1.0000000000000000e+00;1.7976931348623157e+308;1.7976931348623157e+308;3.6390066146850586e-02;0.0000000000000000e+00;3.8301396369934082e-01;72201;4991;0;0;6155;23301;1.2077500000000001e+00;1.0000000000000000e+00;39;39;39;67171;130;0.011;0;0;0;64870;0;0.008;0;0;0;0;0;0.000;33;33;33;2261;130;0.003;6;6;6;40;0;0.;1.2077500000000001e+00
/home/abrandt/src/dilation/instancias/uniform/uniform_020_25.in;gps_dryRun;Unknown;1.0000000000000000e+00;1.7976931348623157e+308;1.7976931348623157e+308;4.5775175094604492e-02;0.0000000000000000e+00;4.3100500106811523e-01;72201;8587;0;0;13833;45302;1.3553230000000001e+00;1.0000000000000000e+00;30;30;30;63584;96;0.01;0;0;0;60746;0;0.007;0;0;0;0;0;0.000;22;22;22;2726;96;0.003;8;8;8;112;0;0.;1.3553230000000001e+00
/home/abrandt/src/dilation/instancias/uniform/uniform_020_26.in;gps_dryRun;Unknown;1.0000000000000000e+00;1.7976931348623157e+308;1.7976931348623157e+308;3.7262916564941406e-02;0.0000000000000000e+00;3.7854599952697754e-01;72201;5093;0;0;7078;24691;1.1750330000000000e+00;1.0000000000000000e+00;39;39;39;67069;124;0.011;0;0;0;64566;0;0.008;0;0;0;0;0;0.000;36;36;36;2476;124;0.003;3;3;3;27;0;0.;1.1750330000000000e+00
/home/abrandt/src/dilation/instancias/uniform/uniform_020_27.in;gps_dryRun;Unknown;1.0000000000000000e+00;1.7976931348623157e+308;1.7976931348623157e+308;3.8484096527099609e-02;0.0000000000000000e+00;3.7450814247131348e-01;72201;5421;0;0;8368;27564;1.2370669999999999e+00;1.0000000000000000e+00;36;36;36;66744;118;9e-3;0;0;0;65042;0;0.006;0;0;0;0;0;0.000;32;32;32;1682;118;0.003;4;4;4;20;0;0.;1.2370669999999999e+00
/home/abrandt/src/dilation/instancias/uniform/uniform_020_28.in;gps_dryRun;Unknown;1.0000000000000000e+00;1.7976931348623157e+308;1.7976931348623157e+308;4.2546033859252930e-02;0.0000000000000000e+00;4.0989494323730469e-01;72201;6867;0;0;11475;36335;1.2630260000000000e+00;1.0000000000000000e+00;32;32;32;65302;105;0.01;0;0;0;63208;0;0.007;0;0;0;0;0;0.000;27;27;27;2019;105;0.003;5;5;5;75;0;0.;1.2630260000000000e+00
/home/abrandt/src/dilation/instancias/uniform/uniform_020_29.in;gps_dryRun;Unknown;1.0000000000000000e+00;1.7976931348623157e+308;1.7976931348623157e+308;3.9535999298095703e-02;0.0000000000000000e+00;4.0281009674072266e-01;72201;6231;0;0;9133;30974;1.2770010000000001e+00;1.0000000000000000e+00;36;36;36;65934;116;0.011;0;0;0;62830;0;0.007;0;0;0;0;0;0.000;28;28;28;2922;116;0.004;8;8;8;182;0;0.;1.2770010000000001e+00
/home/abrandt/src/dilation/instancias/uniform/uniform_030_00.in;gps_dryRun;Unknown;1.0000000000000000e+00;1.7976931348623157e+308;1.7976931348623157e+308;2.6025509834289551e-01;0.0000000000000000e+00;2.6230280399322510e+00;378451;24095;0;0;31297;115997;1.3143990000000001e+00;1.0000000000000000e+00;60;60;60;354296;324;0.074;0;0;0;331564;0;0.034;0;0;0;0;0;0.000;50;50;50;22514;324;0.040;10;10;10;218;0;0.;1.3143990000000001e+00
/home/abrandt/src/dilation/instancias/uniform/uniform_030_01.in;gps_dryRun;Unknown;1.0000000000000000e+00;1.7976931348623157e+308;1.7976931348623157e+308;2.5291085243225098e-01;0.0000000000000000e+00;2.7386970520019531e+00;378451;25295;0;0;28335;116553;1.3113260000000000e+00;1.0000000000000000e+00;62;62;62;353094;333;0.074;0;0;0;325306;0;0.034;0;0;0;0;0;0.000;53;53;53;27673;333;0.040;9;9;9;115;0;0.;1.3113260000000000e+00
/home/abrandt/src/dilation/instancias/uniform/uniform_030_02.in;gps_dryRun;Unknown;1.0000000000000000e+00;1.7976931348623157e+308;1.7976931348623157e+308;2.5567913055419922e-01;0.0000000000000000e+00;2.7396979331970215e+00;378451;24479;0;0;27221;112145;1.3191480000000000e+00;1.0000000000000000e+00;62;62;62;353910;336;0.075;0;0;0;326002;0;0.033;0;0;0;0;0;0.000;55;55;55;27777;336;0.042;7;7;7;131;0;0.;1.3191480000000000e+00
/home/abrandt/src/dilation/instancias/uniform/uniform_030_03.in;gps_dryRun;Unknown;1.0000000000000000e+00;1.7976931348623157e+308;1.7976931348623157e+308;2.9219698905944824e-01;0.0000000000000000e+00;2.7653660774230957e+00;378451;29389;0;0;44227;150537;1.3168990000000000e+00;1.0000000000000000e+00;54;54;54;349008;297;0.07;0;0;0;326324;0;0.033;0;0;0;0;0;0.000;43;43;43;22365;297;0.036;11;11;11;319;0;1e-3;1.3168990000000000e+00
/home/abrandt/src/dilation/instancias/uniform/uniform_030_04.in;gps_dryRun;Unknown;1.0000000000000000e+00;1.7976931348623157e+308;1.7976931348623157e+308;3.2855200767517090e-01;0.0000000000000000e+00;2.9906558990478516e+00;378451;33631;0;0;61252;185429;1.3041080000000000e+00;1.0000000000000000e+00;52;52;52;344768;258;0.065;0;0;0;322570;0;0.033;0;0;0;0;0;0.000;41;41;41;22049;258;0.031;11;11;11;149;0;1e-3;1.3041080000000000e+00
/home/abrandt/src/dilation/instancias/uniform/uniform_030_05.in;gps_dryRun;Unknown;1.0000000000000000e+00;1.7976931348623157e+308;1.7976931348623157e+308;2.5936603546142578e-01;0.0000000000000000e+00;2.4338219165802002e+00;378451;20873;0;0;34582;108573;1.2260009999999999e+00;1.0000000000000000e+00;60;60;60;357518;311;0.072;0;0;0;344112;0;0.035;0;0;0;0;0;0.000;51;51;51;13333;311;0.037;9;9;9;73;0;0.;1.2260009999999999e+00
/home/abrandt/src/dilation/instancias/uniform/uniform_030_06.in;gps_dryRun;Unknown;1.0000000000000000e+00;1.7976931348623157e+308;1.7976931348623157e+308;2.6068282127380371e-01;0.0000000000000000e+00;2.3704569339752197e+00;378451;20013;0;0;33888;105031;1.2173449999999999e+00;1.0000000000000000e+00;56;56;56;358382;315;0.074;0;0;0;346646;0;0.037;0;0;0;0;0;0.000;47;47;47;11603;315;0.037;9;9;9;133;0;0.;1.2173449999999999e+00
/home/abrandt/src/dilation/instancias/uniform/uniform_030_07.in;gps_dryRun;Unknown;1.0000000000000000e+00;1.7976931348623157e+308;1.7976931348623157e+308;2.9346394538879395e-01;0.0000000000000000e+00;2.5575628280639648e+00;378451;24661;0;0;46851;135431;1.2449790000000001e+00;1.0000000000000000e+00;50;50;50;353740;292;0.07;0;0;0;337498;0;0.035;0;0;0;0;0;0.000;45;45;45;16087;292;0.035;5;5;5;155;0;0.;1.2449790000000001e+00
/home/abrandt/src/dilation/instancias/uniform/uniform_030_08.in;gps_dryRun;Unknown;1.0000000000000000e+00;1.7976931348623157e+308;1.7976931348623157e+308;2.5643992424011230e-01;0.0000000000000000e+00;2.6899540424346924e+00;378451;25027;0;0;29607;117311;1.3128160000000000e+00;1.0000000000000000e+00;62;62;62;353362;328;0.074;0;0;0;328308;0;0.035;0;0;0;0;0;0.000;53;53;53;24871;328;0.039;9;9;9;183;0;0.;1.3128160000000000e+00
/home/abrandt/src/dilation/instancias/uniform/uniform_030_09.in;gps_dryRun;Unknown;1.0000000000000000e+00;1.7976931348623157e+308;1.7976931348623157e+308;2.5005102157592773e-01;0.0000000000000000e+00;2.5879430770874023e+00;378451;21883;0;0;28342;104434;1.2779900000000000e+00;1.0000000000000000e+00;61;61;61;356507;330;0.074;0;0;0;335588;0;0.035;0;0;0;0;0;0.000;52;52;52;20776;330;0.039;9;9;9;143;0;0.;1.2779900000000000e+00
/home/abrandt/src/dilation/instancias/uniform/uniform_030_10.in;gps_dryRun;Unknown;1.0000000000000000e+00;1.7976931348623157e+308;1.7976931348623157e+308;2.6091814041137695e-01;0.0000000000000000e+00;2.4992499351501465e+00;378451;23097;0;0;33557;115746;1.2613870000000000e+00;1.0000000000000000e+00;59;59;59;355295;316;0.073;0;0;0;338300;0;0.035;0;0;0;0;0;0.000;48;48;48;16872;316;0.037;11;11;11;123;0;1e-3;1.2613870000000000e+00
/home/abrandt/src/dilation/instancias/uniform/uniform_030_11.in;gps_dryRun;Unknown;1.0000000000000000e+00;1.7976931348623157e+308;1.7976931348623157e+308;2.8646612167358398e-01;0.0000000000000000e+00;2.7717030048370361e+00;378451;28995;0;0;42448;147458;1.3127409999999999e+00;1.0000000000000000e+00;51;51;51;349405;304;0.07;0;0;0;326794;0;0.035;0;0;0;0;0;0.000;39;39;39;22383;304;0.035;12;12;12;228;0;0.;1.3127409999999999e+00
/home/abrandt/src/dilation/instancias/uniform/uniform_030_12.in;gps_dryRun;Unknown;1.0000000000000000e+00;1.7976931348623157e+308;1.7976931348623157e+308;3.1741213798522949e-01;0.0000000000000000e+00;2.7605049610137939e+00;378451;30587;0;0;55213;167459;1.3230620000000000e+00;1.0000000000000000e+00;49;49;49;347815;273;0.074;0;0;0;329464;0;0.040;0;0;0;0;0;0.000;41;41;41;18111;273;0.033;8;8;8;240;0;1e-3;1.3230620000000000e+00
/home/abrandt/src/dilation/instancias/uniform/uniform_030_13.in;gps_dryRun;Unknown;1.0000000000000000e+00;1.7976931348623157e+308;1.7976931348623157e+308;2.6565384864807129e-01;0.0000000000000000e+00;2.6511428356170654e+00;378451;24673;0;0;34226;121539;1.2825620000000000e+00;1.0000000000000000e+00;57;57;57;353721;319;0.071;0;0;0;333028;0;0.034;0;0;0;0;0;0.000;50;50;50;20546;319;0.037;7;7;7;147;0;0.;1.2825620000000000e+00
/home/abrandt/src/dilation/instancias/uniform/uniform_030_14.in;gps_dryRun;Unknown;1.0000000000000000e+00;1.7976931348623157e+308;1.7976931348623157e+308;2.8282594680786133e-01;0.0000000000000000e+00;2.7654650211334229e+00;378451;27999;0;0;40774;140832;1.3374630000000001e+00;1.0000000000000000e+00;53;53;53;350399;308;0.071;0;0;0;325324;0;0.033;0;0;0;0;0;0.000;47;47;47;24889;308;0.038;6;6;6;186;0;0.;1.3374630000000001e+00
/home/abrandt/src/dilation/instancias/uniform/uniform_030_15.in;gps_dryRun;Unknown;1.0000000000000000e+00;1.7976931348623157e+308;1.7976931348623157e+308;2.8516912460327148e-01;0.0000000000000000e+00;2.7948501110076904e+00;378451;27577;0;0;39532;138231;1.3171310000000001e+00;1.0000000000000000e+00;52;52;52;350822;312;0.071;0;0;0;324574;0;0.034;0;0;0;0;0;0.000;46;46;46;25998;312;0.037;6;6;6;250;0;0.;1.3171310000000001e+00
/home/abrandt/src/dilation/instancias/uniform/uniform_030_16.in;gps_dryRun;Unknown;1.0000000000000000e+00;1.7976931348623157e+308;1.7976931348623157e+308;2.6659798622131348e-01;0.0000000000000000e+00;2.9996089935302734e+00;378451;29081;0;0;32651;134846;1.3683970000000001e+00;1.0000000000000000e+00;59;59;59;349311;328;0.072;0;0;0;314584;0;0.032;0;0;0;0;0;0.000;51;51;51;34531;328;0.040;8;8;8;196;0;0.;1.3683970000000001e+00
/home/abrandt/src/dilation/instancias/uniform/uniform_030_17.in;gps_dryRun;Unknown;1.0000000000000000e+00;1.7976931348623157e+308;1.7976931348623157e+308;2.6071500778198242e-01;0.0000000000000000e+00;2.6587150096893311e+00;378451;24935;0;0;32004;120293;1.2994870000000001e+00;1.0000000000000000e+00;57;57;57;353459;325;0.072;0;0;0;331700;0;0.034;0;0;0;0;0;0.000;49;49;49;21627;325;0.038;8;8;8;132;0;0.;1.2994870000000001e+00
/home/abrandt/src/dilation/instancias/uniform/uniform_030_18.in;gps_dryRun;Unknown;1.0000000000000000e+00;1.7976931348623157e+308;1.7976931348623157e+308;2.5872611999511719e-01;0.0000000000000000e+00;2.6231429576873779e+00;378451;22761;0;0;32880;113115;1.2607990000000000e+00;1.0000000000000000e+00;57;57;57;355633;321;0.073;0;0;0;335736;0;0.035;0;0;0;0;0;0.000;49;49;49;19713;321;0.038;8;8;8;184;0;0.;1.2607990000000000e+00
/home/abrandt/src/dilation/instancias/uniform/uniform_030_19.in;gps_dryRun;Unknown;1.0000000000000000e+00;1.7976931348623157e+308;1.7976931348623157e+308;2.2954702377319336e-01;0.0000000000000000e+00;2.3581478595733643e+00;378451;17119;0;0;21806;80329;1.2021180000000000e+00;1.0000000000000000e+00;65;65;65;361267;339;0.075;0;0;0;346250;0;0.036;0;0;0;0;0;0.000;58;58;58;14904;339;0.039;7;7;7;113;0;0.;1.2021180000000000e+00
/home/abrandt/src/dilation/instancias/uniform/uniform_030_20.in;gps_dryRun;Unknown;1.0000000000000000e+00;1.7976931348623157e+308;1.7976931348623157e+308;2.9522490501403809e-01;0.0000000000000000e+00;2.7107470035552979e+00;378451;28947;0;0;46930;151892;1.2955669999999999e+00;1.0000000000000000e+00;53;53;53;349451;290;0.074;0;0;0;330464;0;0.034;0;0;0;0;0;0.000;44;44;44;18804;290;0.040;9;9;9;183;0;0.;1.2955669999999999e+00
/home/abrandt/src/dilation/instancias/uniform/uniform_030_21.in;gps_dryRun;Unknown;1.0000000000000000e+00;1.7976931348623157e+308;1.7976931348623157e+308;2.5315308570861816e-01;0.0000000000000000e+00;2.4784240722656250e+00;378451;20001;0;0;29593;99683;1.2578650000000000e+00;1.0000000000000000e+00;58;58;58;358392;326;0.074;0;0;0;342358;0;0.035;0;0;0;0;0;0.000;51;51;51;15933;326;0.039;7;7;7;101;0;0.;1.2578650000000000e+00
/home/abrandt/src/dilation/instancias/uniform/uniform_030_22.in;gps_dryRun;Unknown;1.0000000000000000e+00;1.7976931348623157e+308;1.7976931348623157e+308;2.6660680770874023e-01;0.0000000000000000e+00;2.7461819648742676e+00;378451;25687;0;0;34074;125282;1.3008270000000000e+00;1.0000000000000000e+00;55;55;55;352709;322;0.072;0;0;0;330716;0;0.034;0;0;0;0;0;0.000;48;48;48;21860;322;0.038;7;7;7;133;0;0.;1.3008270000000000e+00
/home/abrandt/src/dilation/instancias/uniform/uniform_030_23.in;gps_dryRun;Unknown;1.0000000000000000e+00;1.7976931348623157e+308;1.7976931348623157e+308;2.9594302177429199e-01;0.0000000000000000e+00;2.7292559146881104e+00;378451;24199;0;0;46637;133079;1.2903490000000000e+00;1.0000000000000000e+00;44;44;44;354208;300;0.07;0;0;0;332896;0;0.034;0;0;0;0;0;0.000;39;39;39;21187;300;0.036;5;5;5;125;0;0.;1.2903490000000000e+00
/home/abrandt/src/dilation/instancias/uniform/uniform_030_24.in;gps_dryRun;Unknown;1.0000000000000000e+00;1.7976931348623157e+308;1.7976931348623157e+308;3.2291579246520996e-01;0.0000000000000000e+00;3.0009989738464355e+00;378451;34917;0;0;57785;186335;1.3658450000000000e+00;1.0000000000000000e+00;46;46;46;343488;273;0.065;0;0;0;320532;0;0.033;0;0;0;0;0;0.000;37;37;37;22773;273;0.032;9;9;9;183;0;0.;1.3658450000000000e+00
/home/abrandt/src/dilation/instancias/uniform/uniform_030_25.in;gps_dryRun;Unknown;1.0000000000000000e+00;1.7976931348623157e+308;1.7976931348623157e+308;2.4832701683044434e-01;0.0000000000000000e+00;2.5300440788269043e+00;378451;20453;0;0;28998;100277;1.2494650000000000e+00;1.0000000000000000e+00;60;60;60;357938;327;0.074;0;0;0;339768;0;0.035;0;0;0;0;0;0.000;48;48;48;18012;327;0.038;12;12;12;158;0;1e-3;1.2494650000000000e+00
/home/abrandt/src/dilation/instancias/uniform/uniform_030_26.in;gps_dryRun;Unknown;1.0000000000000000e+00;1.7976931348623157e+308;1.7976931348623157e+308;2.7030491828918457e-01;0.0000000000000000e+00;2.7208769321441650e+00;378451;26763;0;0;35100;130360;1.3126730000000000e+00;1.0000000000000000e+00;55;55;55;351633;320;0.071;0;0;0;327604;0;0.033;0;0;0;0;0;0.000;46;46;46;23890;320;0.038;9;9;9;139;0;0.;1.3126730000000000e+00
/home/abrandt/src/dilation/instancias/uniform/uniform_030_27.in;gps_dryRun;Unknown;1.0000000000000000e+00;1.7976931348623157e+308;1.7976931348623157e+308;2.6769995689392090e-01;0.0000000000000000e+00;2.6357030868530273e+00;378451;22953;0;0;35906;116691;1.2781540000000000e+00;1.0000000000000000e+00;56;56;56;355442;315;0.071;0;0;0;334476;0;0.034;0;0;0;0;0;0.000;47;47;47;20867;315;0.037;9;9;9;99;0;0.;1.2781540000000000e+00
/home/abrandt/src/dilation/instancias/uniform/uniform_030_28.in;gps_dryRun;Unknown;1.0000000000000000e+00;1.7976931348623157e+308;1.7976931348623157e+308;2.3631787300109863e-01;0.0000000000000000e+00;2.4931499958038330e+00;378451;19689;0;0;23711;91389;1.2462990000000000e+00;1.0000000000000000e+00;65;65;65;358697;337;0.075;0;0;0;340256;0;0.035;0;0;0;0;0;0.000;58;58;58;18318;337;0.040;7;7;7;123;0;0.;1.2462990000000000e+00
/home/abrandt/src/dilation/instancias/uniform/uniform_030_29.in;gps_dryRun;Unknown;1.0000000000000000e+00;1.7976931348623157e+308;1.7976931348623157e+308;3.3276486396789551e-01;0.0000000000000000e+00;2.6782448291778564e+00;378451;31723;0;0;63606;181899;1.2969860000000000e+00;1.0000000000000000e+00;46;46;46;346682;255;0.065;0;0;0;332908;0;0.034;0;0;0;0;0;0.000;40;40;40;13726;255;0.031;6;6;6;48;0;0.;1.2969860000000000e+00
/home/abrandt/src/dilation/instancias/uniform/uniform_040_00.in;gps_dryRun;Unknown;1.0000000000000000e+00;1.7976931348623157e+308;1.7976931348623157e+308;1.2939600944519043e+00;0.0000000000000000e+00;1.3704843044281006e+01;1216801;77323;0;0;107998;386665;1.3391519999999999e+00;1.0000000000000000e+00;66;66;66;1139412;607;0.296;0;0;0;1038292;0;0.124;0;0;0;0;0;0.000;57;57;57;100919;607;0.172;9;9;9;201;0;0.;1.3391519999999999e+00
/home/abrandt/src/dilation/instancias/uniform/uniform_040_01.in;gps_dryRun;Unknown;1.0000000000000000e+00;1.7976931348623157e+308;1.7976931348623157e+308;1.0684161186218262e+00;0.0000000000000000e+00;1.3160453081130981e+01;1216801;64877;0;0;66904;293693;1.3388910000000001e+00;1.0000000000000000e+00;83;83;83;1151841;649;0.312;0;0;0;1048122;0;0.125;0;0;0;0;0;0.000;73;73;73;103525;649;0.186;10;10;10;194;0;1e-3;1.3388910000000001e+00
/home/abrandt/src/dilation/instancias/uniform/uniform_040_02.in;gps_dryRun;Unknown;1.0000000000000000e+00;1.7976931348623157e+308;1.7976931348623157e+308;1.2124359607696533e+00;0.0000000000000000e+00;1.2627609968185425e+01;1216801;62497;0;0;94325;315923;1.2966040000000001e+00;1.0000000000000000e+00;73;73;73;1154231;615;0.301;0;0;0;1072226;0;0.129;0;0;0;0;0;0.000;65;65;65;81713;615;0.172;8;8;8;292;0;0.;1.2966040000000001e+00
/home/abrandt/src/dilation/instancias/uniform/uniform_040_03.in;gps_dryRun;Unknown;1.0000000000000000e+00;1.7976931348623157e+308;1.7976931348623157e+308;1.3559429645538330e+00;0.0000000000000000e+00;1.3356009960174561e+01;1216801;71923;0;0;121058;381043;1.2798810000000000e+00;1.0000000000000000e+00;69;69;69;1144809;582;0.289;0;0;0;1060932;0;0.127;0;0;0;0;0;0.000;60;60;60;83724;582;0.162;9;9;9;153;0;0.;1.2798810000000000e+00
/home/abrandt/src/dilation/instancias/uniform/uniform_040_04.in;gps_dryRun;Unknown;1.0000000000000000e+00;1.7976931348623157e+308;1.7976931348623157e+308;1.1285719871520996e+00;0.0000000000000000e+00;1.1804811954498291e+01;1216801;53149;0;0;81812;268913;1.2582620000000000e+00;1.0000000000000000e+00;78;78;78;1163574;623;0.307;0;0;0;1098404;0;0.132;0;0;0;0;0;0.000;67;67;67;64759;623;0.175;11;11;11;411;0;0.;1.2582620000000000e+00
/home/abrandt/src/dilation/instancias/uniform/uniform_040_05.in;gps_dryRun;Unknown;1.0000000000000000e+00;1.7976931348623157e+308;1.7976931348623157e+308;1.2097220420837402e+00;0.0000000000000000e+00;1.3484292030334473e+01;1216801;70481;0;0;92857;344249;1.3344220000000000e+00;1.0000000000000000e+00;77;77;77;1146243;616;0.303;0;0;0;1049074;0;0.126;0;0;0;0;0;0.000;68;68;68;97040;616;0.177;9;9;9;129;0;0.;1.3344220000000000e+00
/home/abrandt/src/dilation/instancias/uniform/uniform_040_06.in;gps_dryRun;Unknown;1.0000000000000000e+00;1.7976931348623157e+308;1.7976931348623157e+308;1.1414060592651367e+00;0.0000000000000000e+00;1.2172709941864014e+01;1216801;59589;0;0;83687;295682;1.2636250000000000e+00;1.0000000000000000e+00;82;82;82;1157130;618;0.309;0;0;0;1093384;0;0.131;0;0;0;0;0;0.000;73;73;73;63563;618;0.177;9;9;9;183;0;1e-3;1.2636250000000000e+00
/home/abrandt/src/dilation/instancias/uniform/uniform_040_07.in;gps_dryRun;Unknown;1.0000000000000000e+00;1.7976931348623157e+308;1.7976931348623157e+308;1.2374999523162842e+00;0.0000000000000000e+00;1.2753383874893188e+01;1216801;69399;0;0;99313;351026;1.2760469999999999e+00;1.0000000000000000e+00;74;74;74;1147328;604;0.299;0;0;0;1077818;0;0.128;0;0;0;0;0;0.000;62;62;62;69338;604;0.170;12;12;12;172;0;1e-3;1.2760469999999999e+00
/home/abrandt/src/dilation/instancias/uniform/uniform_040_08.in;gps_dryRun;Unknown;1.0000000000000000e+00;1.7976931348623157e+308;1.7976931348623157e+308;1.4297831058502197e+00;0.0000000000000000e+00;1.3063556909561157e+01;1216801;82419;0;0;133985;439640;1.2866880000000001e+00;1.0000000000000000e+00;70;70;70;1134312;560;0.293;0;0;0;1075090;0;0.128;0;0;0;0;0;0.000;59;59;59;59105;560;0.165;11;11;11;117;0;0.;1.2866880000000001e+00
/home/abrandt/src/dilation/instancias/uniform/uniform_040_09.in;gps_dryRun;Unknown;1.0000000000000000e+00;1.7976931348623157e+308;1.7976931348623157e+308;1.2356400489807129e+00;0.0000000000000000e+00;1.2852169036865234e+01;1216801;63279;0;0;98769;325081;1.2672260000000000e+00;1.0000000000000000e+00;71;71;71;1153451;609;0.298;0;0;0;1080438;0;0.129;0;0;0;0;0;0.000;62;62;62;72804;609;0.169;9;9;9;209;0;0.;1.2672260000000000e+00
/home/abrandt/src/dilation/instancias/uniform/uniform_040_10.in;gps_dryRun;Unknown;1.0000000000000000e+00;1.7976931348623157e+308;1.7976931348623157e+308;1.3439099788665771e+00;0.0000000000000000e+00;1.2487520933151245e+01;1216801;71799;0;0;120786;383039;1.2813330000000001e+00;1.0000000000000000e+00;71;71;71;1144931;577;0.306;0;0;0;1082248;0;0.129;0;0;0;0;0;0.000;63;63;63;62577;577;0.177;8;8;8;106;0;0.;1.2813330000000001e+00
/home/abrandt/src/dilation/instancias/uniform/uniform_040_11.in;gps_dryRun;Unknown;1.0000000000000000e+00;1.7976931348623157e+308;1.7976931348623157e+308;1.3211450576782227e+00;0.0000000000000000e+00;1.3823381185531616e+01;1216801;80211;0;0;111273;402831;1.3426169999999999e+00;1.0000000000000000e+00;65;65;65;1136525;602;0.293;0;0;0;1038618;0;0.124;0;0;0;0;0;0.000;52;52;52;97680;602;0.168;13;13;13;227;0;1e-3;1.3426169999999999e+00
/home/abrandt/src/dilation/instancias/uniform/uniform_040_12.in;gps_dryRun;Unknown;1.0000000000000000e+00;1.7976931348623157e+308;1.7976931348623157e+308;1.5998480319976807e+00;0.0000000000000000e+00;1.2613811016082764e+01;1216801;74319;0;0;169034;445570;1.2452289999999999e+00;1.0000000000000000e+00;62;62;62;1142420;520;0.276;0;0;0;1090466;0;0.130;0;0;0;0;0;0.000;54;54;54;51744;520;0.146;8;8;8;210;0;0.;1.2452289999999999e+00
/home/abrandt/src/dilation/instancias/uniform/uniform_040_13.in;gps_dryRun;Unknown;1.0000000000000000e+00;1.7976931348623157e+308;1.7976931348623157e+308;1.3329429626464844e+00;0.0000000000000000e+00;1.3659488916397095e+01;1216801;79827;0;0;116649;406871;1.3357250000000001e+00;1.0000000000000000e+00;72;72;72;1136902;587;0.292;0;0;0;1048524;0;0.124;0;0;0;0;0;0.000;60;60;60;88056;587;0.167;12;12;12;322;0;1e-3;1.3357250000000001e+00
/home/abrandt/src/dilation/instancias/uniform/uniform_040_14.in;gps_dryRun;Unknown;1.0000000000000000e+00;1.7976931348623157e+308;1.7976931348623157e+308;1.5091919898986816e+00;0.0000000000000000e+00;1.3967826843261719e+01;1216801;92671;0;0;146518;490133;1.3552900000000001e+00;1.0000000000000000e+00;64;64;64;1124066;553;0.281;0;0;0;1038976;0;0.124;0;0;0;0;0;0.000;52;52;52;84906;553;0.157;12;12;12;184;0;0.;1.3552900000000001e+00
/home/abrandt/src/dilation/instancias/uniform/uniform_040_15.in;gps_dryRun;Unknown;1.0000000000000000e+00;1.7976931348623157e+308;1.7976931348623157e+308;1.3927478790283203e+00;0.0000000000000000e+00;1.2874142169952393e+01;1216801;69185;0;0;128827;380357;1.2812010000000000e+00;1.0000000000000000e+00;67;67;67;1147549;571;0.293;0;0;0;1077734;0;0.130;0;0;0;0;0;0.000;59;59;59;69637;571;0.163;8;8;8;178;0;0.;1.2812010000000000e+00
/home/abrandt/src/dilation/instancias/uniform/uniform_040_16.in;gps_dryRun;Unknown;1.0000000000000000e+00;1.7976931348623157e+308;1.7976931348623157e+308;1.3109829425811768e+00;0.0000000000000000e+00;1.2583304166793823e+01;1216801;72117;0;0;113971;376187;1.2843359999999999e+00;1.0000000000000000e+00;75;75;75;1144609;583;0.296;0;0;0;1076730;0;0.129;0;0;0;0;0;0.000;65;65;65;67609;583;0.167;10;10;10;270;0;0.;1.2843359999999999e+00
/home/abrandt/src/dilation/instancias/uniform/uniform_040_17.in;gps_dryRun;Unknown;1.0000000000000000e+00;1.7976931348623157e+308;1.7976931348623157e+308;1.1792440414428711e+00;0.0000000000000000e+00;1.1775843143463135e+01;1216801;51851;0;0;91002;274255;1.2306020000000000e+00;1.0000000000000000e+00;73;73;73;1164877;614;0.302;0;0;0;1105398;0;0.133;0;0;0;0;0;0.000;66;66;66;59396;614;0.169;7;7;7;83;0;0.;1.2306020000000000e+00
/home/abrandt/src/dilation/instancias/uniform/uniform_040_18.in;gps_dryRun;Unknown;1.0000000000000000e+00;1.7976931348623157e+308;1.7976931348623157e+308;1.1384999752044678e+00;0.0000000000000000e+00;1.2592772006988525e+01;1216801;64997;0;0;81452;312637;1.3064540000000000e+00;1.0000000000000000e+00;81;81;81;1151723;625;0.306;0;0;0;1072392;0;0.128;0;0;0;0;0;0.000;71;71;71;79191;625;0.178;10;10;10;140;0;0.;1.3064540000000000e+00
/home/abrandt/src/dilation/instancias/uniform/uniform_040_19.in;gps_dryRun;Unknown;1.0000000000000000e+00;1.7976931348623157e+308;1.7976931348623157e+308;1.0785100460052490e+00;0.0000000000000000e+00;1.2325583934783936e+01;1216801;55611;0;0;71027;267137;1.2694479999999999e+00;1.0000000000000000e+00;83;83;83;1161107;634;0.308;0;0;0;1092664;0;0.130;0;0;0;0;0;0.000;74;74;74;68162;634;0.178;9;9;9;281;0;0.;1.2694479999999999e+00
/home/abrandt/src/dilation/instancias/uniform/uniform_040_20.in;gps_dryRun;Unknown;1.0000000000000000e+00;1.7976931348623157e+308;1.7976931348623157e+308;1.1816270351409912e+00;0.0000000000000000e+00;1.3022891998291016e+01;1216801;65713;0;0;89216;322271;1.2957749999999999e+00;1.0000000000000000e+00;76;76;76;1151012;621;0.3;0;0;0;1056600;0;0.127;0;0;0;0;0;0.000;69;69;69;94251;621;0.173;7;7;7;161;0;0.;1.2957749999999999e+00
/home/abrandt/src/dilation/instancias/uniform/uniform_040_21.in;gps_dryRun;Unknown;1.0000000000000000e+00;1.7976931348623157e+308;1.7976931348623157e+308;1.4725160598754883e+00;0.0000000000000000e+00;1.4857109069824219e+01;1216801;78345;0;0;142650;430945;1.2839259999999999e+00;1.0000000000000000e+00;69;69;69;1138387;550;0.286;0;0;0;1072984;0;0.128;0;0;0;0;0;0.000;53;53;53;65003;550;0.157;16;16;16;400;0;1e-3;1.2839259999999999e+00
/home/abrandt/src/dilation/instancias/uniform/uniform_040_22.in;gps_dryRun;Unknown;1.0000000000000000e+00;1.7976931348623157e+308;1.7976931348623157e+308;1.4662690162658691e+00;0.0000000000000000e+00;1.3351229906082153e+01;1216801;81457;0;0;142939;443039;1.2975260000000000e+00;1.0000000000000000e+00;73;73;73;1135271;548;0.287;0;0;0;1065130;0;0.128;0;0;0;0;0;0.000;64;64;64;69768;548;0.159;9;9;9;373;0;0.;1.2975260000000000e+00
/home/abrandt/src/dilation/instancias/uniform/uniform_040_23.in;gps_dryRun;Unknown;1.0000000000000000e+00;1.7976931348623157e+308;1.7976931348623157e+308;1.1570150852203369e+00;0.0000000000000000e+00;1.2900577783584595e+01;1216801;62125;0;0;84238;302716;1.2861730000000000e+00;1.0000000000000000e+00;78;78;78;1154598;626;0.304;0;0;0;1067306;0;0.127;0;0;0;0;0;0.000;69;69;69;87069;626;0.176;9;9;9;223;0;1e-3;1.2861730000000000e+00
/home/abrandt/src/dilation/instancias/uniform/uniform_040_24.in;gps_dryRun;Unknown;1.0000000000000000e+00;1.7976931348623157e+308;1.7976931348623157e+308;1.8134291172027588e+00;0.0000000000000000e+00;1.3823669195175171e+01;1216801;93621;0;0;204270;556855;1.3202309999999999e+00;1.0000000000000000e+00;54;54;54;1123126;483;0.268;0;0;0;1056828;0;0.126;0;0;0;0;0;0.000;44;44;44;66072;483;0.141;10;10;10;226;0;1e-3;1.3202309999999999e+00
/home/abrandt/src/dilation/instancias/uniform/uniform_040_25.in;gps_dryRun;Unknown;1.0000000000000000e+00;1.7976931348623157e+308;1.7976931348623157e+308;1.5800478458404541e+00;0.0000000000000000e+00;1.3446597099304199e+01;1216801;87171;0;0;161769;486975;1.3335300000000001e+00;1.0000000000000000e+00;59;59;59;1129571;534;0.282;0;0;0;1059284;0;0.126;0;0;0;0;0;0.000;43;43;43;70075;534;0.155;16;16;16;212;0;1e-3;1.3335300000000001e+00
/home/abrandt/src/dilation/instancias/uniform/uniform_040_26.in;gps_dryRun;Unknown;1.0000000000000000e+00;1.7976931348623157e+308;1.7976931348623157e+308;1.4846899509429932e+00;0.0000000000000000e+00;1.2973738908767700e+01;1216801;77459;0;0;144979;430395;1.2952610000000000e+00;1.0000000000000000e+00;66;66;66;1139276;549;0.284;0;0;0;1073644;0;0.129;0;0;0;0;0;0.000;52;52;52;65404;549;0.155;14;14;14;228;0;0.;1.2952610000000000e+00
/home/abrandt/src/dilation/instancias/uniform/uniform_040_27.in;gps_dryRun;Unknown;1.0000000000000000e+00;1.7976931348623157e+308;1.7976931348623157e+308;1.2207269668579102e+00;0.0000000000000000e+00;1.2628000974655151e+01;1216801;64103;0;0;97699;328083;1.2594080000000001e+00;1.0000000000000000e+00;75;75;75;1152623;605;0.3;0;0;0;1084082;0;0.130;0;0;0;0;0;0.000;64;64;64;68286;605;0.170;11;11;11;255;0;0.;1.2594080000000001e+00
/home/abrandt/src/dilation/instancias/uniform/uniform_040_28.in;gps_dryRun;Unknown;1.0000000000000000e+00;1.7976931348623157e+308;1.7976931348623157e+308;1.4045569896697998e+00;0.0000000000000000e+00;1.2204644918441772e+01;1216801;71035;0;0;132376;393699;1.2661890000000000e+00;1.0000000000000000e+00;67;67;67;1145699;563;0.29;0;0;0;1089054;0;0.131;0;0;0;0;0;0.000;60;60;60;56512;563;0.159;7;7;7;133;0;0.;1.2661890000000000e+00
/home/abrandt/src/dilation/instancias/uniform/uniform_040_29.in;gps_dryRun;Unknown;1.0000000000000000e+00;1.7976931348623157e+308;1.7976931348623157e+308;1.2671260833740234e+00;0.0000000000000000e+00;1.3049615144729614e+01;1216801;72635;0;0;104888;367669;1.2762110000000000e+00;1.0000000000000000e+00;77;77;77;1144089;596;0.3;0;0;0;1064032;0;0.128;0;0;0;0;0;0.000;65;65;65;79763;596;0.172;12;12;12;294;0;0.;1.2762110000000000e+00
/home/abrandt/src/dilation/instancias/uniform/uniform_050_00.in;gps_dryRun;Unknown;1.0000000000000000e+00;1.7976931348623157e+308;1.7976931348623157e+308;4.0084729194641113e+00;0.0000000000000000e+00;4.3509124994277954e+01;3001251;130327;0;0;187521;654515;1.2611140000000001e+00;1.0000000000000000e+00;101;101;101;2870823;1007;0.859;0;0;0;2686384;0;0.354;0;0;0;0;0;0.000;87;87;87;184045;1007;0.505;14;14;14;394;0;0.;1.2611140000000001e+00
/home/abrandt/src/dilation/instancias/uniform/uniform_050_01.in;gps_dryRun;Unknown;1.0000000000000000e+00;1.7976931348623157e+308;1.7976931348623157e+308;4.5069298744201660e+00;0.0000000000000000e+00;4.5778352022171021e+01;3001251;158961;0;0;226832;806729;1.3032450000000000e+00;1.0000000000000000e+00;93;93;93;2842197;983;0.856;0;0;0;2624520;0;0.346;0;0;0;0;0;0.000;79;79;79;217337;983;0.509;14;14;14;340;0;1e-3;1.3032450000000000e+00
/home/abrandt/src/dilation/instancias/uniform/uniform_050_02.in;gps_dryRun;Unknown;1.0000000000000000e+00;1.7976931348623157e+308;1.7976931348623157e+308;5.0249981880187988e+00;0.0000000000000000e+00;4.6805257081985474e+01;3001251;157873;0;0;273877;850913;1.3151880000000000e+00;1.0000000000000000e+00;84;84;84;2843294;952;0.838;0;0;0;2629270;0;0.346;0;0;0;0;0;0.000;72;72;72;213532;952;0.492;12;12;12;492;0;0.;1.3151880000000000e+00
/home/abrandt/src/dilation/instancias/uniform/uniform_050_03.in;gps_dryRun;Unknown;1.0000000000000000e+00;1.7976931348623157e+308;1.7976931348623157e+308;5.7974519729614258e+00;0.0000000000000000e+00;4.6146352052688599e+01;3001251;179737;0;0;339054;1009985;1.3213170000000001e+00;1.0000000000000000e+00;79;79;79;2821435;899;0.825;0;0;0;2637794;0;0.347;0;0;0;0;0;0.000;68;68;68;183266;899;0.477;11;11;11;375;0;1e-3;1.3213170000000001e+00
/home/abrandt/src/dilation/instancias/uniform/uniform_050_04.in;gps_dryRun;Unknown;1.0000000000000000e+00;1.7976931348623157e+308;1.7976931348623157e+308;3.7553849220275879e+00;0.0000000000000000e+00;4.2764743089675903e+01;3001251;115587;0;0;164595;573822;1.2686130000000000e+00;1.0000000000000000e+00;101;101;101;2885563;1026;0.886;0;0;0;2700304;0;0.359;0;0;0;0;0;0.000;86;86;86;184994;1026;0.527;15;15;15;265;0;0.;1.2686130000000000e+00
/home/abrandt/src/dilation/instancias/uniform/uniform_050_05.in;gps_dryRun;Unknown;1.0000000000000000e+00;1.7976931348623157e+308;1.7976931348623157e+308;4.2518000602722168e+00;0.0000000000000000e+00;4.4119697093963623e+01;3001251;133965;0;0;208455;691894;1.2753540000000001e+00;1.0000000000000000e+00;91;91;91;2867195;998;0.868;0;0;0;2681086;0;0.353;0;0;0;0;0;0.000;82;82;82;185828;998;0.515;9;9;9;281;0;0.;1.2753540000000001e+00
/home/abrandt/src/dilation/instancias/uniform/uniform_050_06.in;gps_dryRun;Unknown;1.0000000000000000e+00;1.7976931348623157e+308;1.7976931348623157e+308;4.7479879856109619e+00;0.0000000000000000e+00;4.6362143993377686e+01;3001251;163619;0;0;248916;848732;1.2906810000000000e+00;1.0000000000000000e+00;89;89;89;2837543;968;0.845;0;0;0;2626238;0;0.346;0;0;0;0;0;0.000;76;76;76;211060;968;0.498;13;13;13;245;0;1e-3;1.2906810000000000e+00
/home/abrandt/src/dilation/instancias/uniform/uniform_050_07.in;gps_dryRun;Unknown;1.0000000000000000e+00;1.7976931348623157e+308;1.7976931348623157e+308;3.6528148651123047e+00;0.0000000000000000e+00;4.2981909036636353e+01;3001251;114181;0;0;157573;558049;1.2725569999999999e+00;1.0000000000000000e+00;105;105;105;2886965;1031;0.88;0;0;0;2690384;0;0.356;0;0;0;0;0;0.000;95;95;95;196457;1031;0.524;10;10;10;124;0;0.;1.2725569999999999e+00
/home/abrandt/src/dilation/instancias/uniform/uniform_050_08.in;gps_dryRun;Unknown;1.0000000000000000e+00;1.7976931348623157e+308;1.7976931348623157e+308;5.9587268829345703e+00;0.0000000000000000e+00;4.8393126964569092e+01;3001251;178899;0;0;352397;1017492;1.3236090000000000e+00;1.0000000000000000e+00;73;73;73;2822279;896;0.806;0;0;0;2608216;0;0.344;0;0;0;0;0;0.000;66;66;66;213854;896;0.461;7;7;7;209;0;1e-3;1.3236090000000000e+00
/home/abrandt/src/dilation/instancias/uniform/uniform_050_09.in;gps_dryRun;Unknown;1.0000000000000000e+00;1.7976931348623157e+308;1.7976931348623157e+308;4.4160888195037842e+00;0.0000000000000000e+00;4.5572083950042725e+01;3001251;150497;0;0;219936;766687;1.3124160000000000e+00;1.0000000000000000e+00;89;89;89;2850665;993;0.862;0;0;0;2634180;0;0.345;0;0;0;0;0;0.000;77;77;77;216187;993;0.517;12;12;12;298;0;0.;1.3124160000000000e+00
/home/abrandt/src/dilation/instancias/uniform/uniform_050_10.in;gps_dryRun;Unknown;1.0000000000000000e+00;1.7976931348623157e+308;1.7976931348623157e+308;4.7650358676910400e+00;0.0000000000000000e+00;4.8117532014846802e+01;3001251;162369;0;0;248513;840107;1.3382520000000000e+00;1.0000000000000000e+00;81;81;81;2838801;979;0.849;0;0;0;2597374;0;0.342;0;0;0;0;0;0.000;69;69;69;240721;979;0.507;12;12;12;706;0;0.;1.3382520000000000e+00
/home/abrandt/src/dilation/instancias/uniform/uniform_050_11.in;gps_dryRun;Unknown;1.0000000000000000e+00;1.7976931348623157e+308;1.7976931348623157e+308;4.6891729831695557e+00;0.0000000000000000e+00;4.3089795112609863e+01;3001251;139921;0;0;246830;760223;1.2513430000000001e+00;1.0000000000000000e+00;92;92;92;2861238;960;0.857;0;0;0;2708336;0;0.358;0;0;0;0;0;0.000;80;80;80;152636;960;0.499;12;12;12;266;0;0.;1.2513430000000001e+00
/home/abrandt/src/dilation/instancias/uniform/uniform_050_12.in;gps_dryRun;Unknown;1.0000000000000000e+00;1.7976931348623157e+308;1.7976931348623157e+308;4.9423310756683350e+00;0.0000000000000000e+00;4.6187279939651489e+01;3001251;158763;0;0;266152;847267;1.3173140000000001e+00;1.0000000000000000e+00;81;81;81;2842407;961;0.84;0;0;0;2629028;0;0.348;0;0;0;0;0;0.000;73;73;73;213105;961;0.491;8;8;8;274;0;1e-3;1.3173140000000001e+00
/home/abrandt/src/dilation/instancias/uniform/uniform_050_13.in;gps_dryRun;Unknown;1.0000000000000000e+00;1.7976931348623157e+308;1.7976931348623157e+308;5.0432410240173340e+00;0.0000000000000000e+00;4.6459501981735229e+01;3001251;158401;0;0;275633;857643;1.3105130000000000e+00;1.0000000000000000e+00;86;86;86;2842764;946;0.839;0;0;0;2639880;0;0.349;0;0;0;0;0;0.000;74;74;74;202510;946;0.489;12;12;12;374;0;1e-3;1.3105130000000000e+00
/home/abrandt/src/dilation/instancias/uniform/uniform_050_14.in;gps_dryRun;Unknown;1.0000000000000000e+00;1.7976931348623157e+308;1.7976931348623157e+308;4.5522480010986328e+00;0.0000000000000000e+00;4.5108453035354614e+01;3001251;142445;0;0;232104;748687;1.3116770000000000e+00;1.0000000000000000e+00;83;83;83;2858723;987;0.861;0;0;0;2643418;0;0.351;0;0;0;0;0;0.000;75;75;75;215125;987;0.510;8;8;8;180;0;0.;1.3116770000000000e+00
/home/abrandt/src/dilation/instancias/uniform/uniform_050_15.in;gps_dryRun;Unknown;1.0000000000000000e+00;1.7976931348623157e+308;1.7976931348623157e+308;3.7531130313873291e+00;0.0000000000000000e+00;4.3604944944381714e+01;3001251;121417;0;0;164663;592573;1.2852710000000001e+00;1.0000000000000000e+00;102;102;102;2879732;1029;0.88;0;0;0;2671038;0;0.352;0;0;0;0;0;0.000;90;90;90;208440;1029;0.527;12;12;12;254;0;1e-3;1.2852710000000001e+00
/home/abrandt/src/dilation/instancias/uniform/uniform_050_16.in;gps_dryRun;Unknown;1.0000000000000000e+00;1.7976931348623157e+308;1.7976931348623157e+308;4.6758708953857422e+00;0.0000000000000000e+00;4.5759253025054932e+01;3001251;144503;0;0;244544;765025;1.3187199999999999e+00;1.0000000000000000e+00;88;88;88;2856660;975;0.855;0;0;0;2620106;0;0.346;0;0;0;0;0;0.000;77;77;77;236277;975;0.509;11;11;11;277;0;0.;1.3187199999999999e+00
/home/abrandt/src/dilation/instancias/uniform/uniform_050_17.in;gps_dryRun;Unknown;1.0000000000000000e+00;1.7976931348623157e+308;1.7976931348623157e+308;5.4940400123596191e+00;0.0000000000000000e+00;4.3668303012847900e+01;3001251;148767;0;0;317532;868391;1.2527550000000001e+00;1.0000000000000000e+00;80;80;80;2852404;912;0.828;0;0;0;2697602;0;0.354;0;0;0;0;0;0.000;73;73;73;154561;912;0.474;7;7;7;241;0;0.;1.2527550000000001e+00
/home/abrandt/src/dilation/instancias/uniform/uniform_050_18.in;gps_dryRun;Unknown;1.0000000000000000e+00;1.7976931348623157e+308;1.7976931348623157e+308;4.5329458713531494e+00;0.0000000000000000e+00;4.4372437000274658e+01;3001251;138569;0;0;233112;737108;1.2680730000000000e+00;1.0000000000000000e+00;89;89;89;2862593;978;0.861;0;0;0;2683766;0;0.355;0;0;0;0;0;0.000;81;81;81;178697;978;0.506;8;8;8;130;0;0.;1.2680730000000000e+00
/home/abrandt/src/dilation/instancias/uniform/uniform_050_19.in;gps_dryRun;Unknown;1.0000000000000000e+00;1.7976931348623157e+308;1.7976931348623157e+308;3.9332001209259033e+00;0.0000000000000000e+00;4.5482557058334351e+01;3001251;139373;0;0;178767;674741;1.3086390000000001e+00;1.0000000000000000e+00;101;101;101;2861777;1021;0.872;0;0;0;2624044;0;0.345;0;0;0;0;0;0.000;91;91;91;237401;1021;0.526;10;10;10;332;0;1e-3;1.3086390000000001e+00
/home/abrandt/src/dilation/instancias/uniform/uniform_050_20.in;gps_dryRun;Unknown;1.0000000000000000e+00;1.7976931348623157e+308;1.7976931348623157e+308;3.8304710388183594e+00;0.0000000000000000e+00;4.4491543054580688e+01;3001251;126711;0;0;171008;620701;1.2971220000000001e+00;1.0000000000000000e+00;100;100;100;2874440;1025;0.88;0;0;0;2663746;0;0.351;0;0;0;0;0;0.000;87;87;87;210265;1025;0.528;13;13;13;429;0;1e-3;1.2971220000000001e+00
/home/abrandt/src/dilation/instancias/uniform/uniform_050_21.in;gps_dryRun;Unknown;1.0000000000000000e+00;1.7976931348623157e+308;1.7976931348623157e+308;4.5418760776519775e+00;0.0000000000000000e+00;4.4887826919555664e+01;3001251;143609;0;0;231835;751720;1.3081710000000000e+00;1.0000000000000000e+00;89;89;89;2857553;982;0.852;0;0;0;2648606;0;0.349;0;0;0;0;0;0.000;78;78;78;208544;982;0.503;11;11;11;403;0;0.;1.3081710000000000e+00
/home/abrandt/src/dilation/instancias/uniform/uniform_050_22.in;gps_dryRun;Unknown;1.0000000000000000e+00;1.7976931348623157e+308;1.7976931348623157e+308;3.6558120250701904e+00;0.0000000000000000e+00;4.2911108970642090e+01;3001251;119647;0;0;156152;577361;1.2676019999999999e+00;1.0000000000000000e+00;106;106;106;2881498;1032;0.876;0;0;0;2684924;0;0.355;0;0;0;0;0;0.000;94;94;94;196294;1032;0.521;12;12;12;280;0;0.;1.2676019999999999e+00
/home/abrandt/src/dilation/instancias/uniform/uniform_050_23.in;gps_dryRun;Unknown;1.0000000000000000e+00;1.7976931348623157e+308;1.7976931348623157e+308;4.2837898731231689e+00;0.0000000000000000e+00;4.4108862876892090e+01;3001251;135785;0;0;209176;698085;1.3019240000000001e+00;1.0000000000000000e+00;90;90;90;2865376;1000;0.868;0;0;0;2664088;0;0.351;0;0;0;0;0;0.000;80;80;80;201130;1000;0.517;10;10;10;158;0;0.;1.3019240000000001e+00
/home/abrandt/src/dilation/instancias/uniform/uniform_050_24.in;gps_dryRun;Unknown;1.0000000000000000e+00;1.7976931348623157e+308;1.7976931348623157e+308;6.3662970066070557e+00;0.0000000000000000e+00;4.9869556188583374e+01;3001251;206151;0;0;383420;1157027;1.3383659999999999e+00;1.0000000000000000e+00;71;71;71;2795029;873;0.803;0;0;0;2572022;0;0.342;0;0;0;0;0;0.000;59;59;59;222749;873;0.461;12;12;12;258;0;0.;1.3383659999999999e+00
/home/abrandt/src/dilation/instancias/uniform/uniform_050_25.in;gps_dryRun;Unknown;1.0000000000000000e+00;1.7976931348623157e+308;1.7976931348623157e+308;4.1597537994384766e+00;0.0000000000000000e+00;4.4668824911117554e+01;3001251;129995;0;0;199151;665831;1.2876150000000000e+00;1.0000000000000000e+00;92;92;92;2871164;1006;0.871;0;0;0;2669840;0;0.352;0;0;0;0;0;0.000;82;82;82;201166;1006;0.518;10;10;10;158;0;1e-3;1.2876150000000000e+00
/home/abrandt/src/dilation/instancias/uniform/uniform_050_26.in;gps_dryRun;Unknown;1.0000000000000000e+00;1.7976931348623157e+308;1.7976931348623157e+308;4.2954299449920654e+00;0.0000000000000000e+00;4.5220836162567139e+01;3001251;145029;0;0;209786;733790;1.3084199999999999e+00;1.0000000000000000e+00;91;91;91;2856131;1000;0.875;0;0;0;2629612;0;0.348;0;0;0;0;0;0.000;79;79;79;226289;1000;0.526;12;12;12;230;0;1e-3;1.3084199999999999e+00
/home/abrandt/src/dilation/instancias/uniform/uniform_050_27.in;gps_dryRun;Unknown;1.0000000000000000e+00;1.7976931348623157e+308;1.7976931348623157e+308;4.8424599170684814e+00;0.0000000000000000e+00;4.5621883153915405e+01;3001251;136121;0;0;260223;752758;1.2915300000000001e+00;1.0000000000000000e+00;83;83;83;2865047;962;0.845;0;0;0;2662336;0;0.353;0;0;0;0;0;0.000;72;72;72;202282;962;0.492;11;11;11;429;0;0.;1.2915300000000001e+00
/home/abrandt/src/dilation/instancias/uniform/uniform_050_28.in;gps_dryRun;Unknown;1.0000000000000000e+00;1.7976931348623157e+308;1.7976931348623157e+308;4.8224091529846191e+00;0.0000000000000000e+00;4.6330715894699097e+01;3001251;163433;0;0;255367;853375;1.3290249999999999e+00;1.0000000000000000e+00;85;85;85;2837733;967;0.865;0;0;0;2616376;0;0.348;0;0;0;0;0;0.000;77;77;77;221211;967;0.516;8;8;8;146;0;1e-3;1.3290249999999999e+00
/home/abrandt/src/dilation/instancias/uniform/uniform_050_29.in;gps_dryRun;Unknown;1.0000000000000000e+00;1.7976931348623157e+308;1.7976931348623157e+308;3.8844611644744873e+00;0.0000000000000000e+00;4.4553612947463989e+01;3001251;133129;0;0;174846;648804;1.3086139999999999e+00;1.0000000000000000e+00;99;99;99;2868023;1024;0.88;0;0;0;2635262;0;0.350;0;0;0;0;0;0.000;87;87;87;232455;1024;0.530;12;12;12;306;0;0.;1.3086139999999999e+00
/home/abrandt/src/dilation/instancias/uniform/uniform_060_00.in;gps_dryRun;Unknown;1.0000000000000000e+00;1.7976931348623157e+308;1.7976931348623157e+308;1.2990228891372681e+01;0.0000000000000000e+00;1.3531639099121094e+02;6265801;242913;0;0;389011;1268423;1.2858130000000001e+00;1.0000000000000000e+00;108;108;108;6022780;1485;2.081;0;0;0;5599410;0;0.811;0;0;0;0;0;0.000;99;99;99;422763;1485;1.270;9;9;9;607;0;0.;1.2858130000000001e+00
/home/abrandt/src/dilation/instancias/uniform/uniform_060_01.in;gps_dryRun;Unknown;1.0000000000000000e+00;1.7976931348623157e+308;1.7976931348623157e+308;1.3492998123168945e+01;0.0000000000000000e+00;1.4136517405509949e+02;6265801;273899;0;0;410273;1406243;1.3211390000000001e+00;1.0000000000000000e+00;104;104;104;5991798;1481;2.072;0;0;0;5480696;0;0.789;0;0;0;0;0;0.000;93;93;93;510719;1481;1.282;11;11;11;383;0;1e-3;1.3211390000000001e+00
/home/abrandt/src/dilation/instancias/uniform/uniform_060_02.in;gps_dryRun;Unknown;1.0000000000000000e+00;1.7976931348623157e+308;1.7976931348623157e+308;1.3031459093093872e+01;0.0000000000000000e+00;1.3648166203498840e+02;6265801;244323;0;0;392277;1274569;1.2877529999999999e+00;1.0000000000000000e+00;108;108;108;6021370;1485;2.091;0;0;0;5576674;0;0.810;0;0;0;0;0;0.000;93;93;93;444131;1485;1.280;15;15;15;565;0;1e-3;1.2877529999999999e+00
/home/abrandt/src/dilation/instancias/uniform/uniform_060_03.in;gps_dryRun;Unknown;1.0000000000000000e+00;1.7976931348623157e+308;1.7976931348623157e+308;1.1888059139251709e+01;0.0000000000000000e+00;1.3449596381187439e+02;6265801;234499;0;0;341209;1183967;1.2826360000000001e+00;1.0000000000000000e+00;117;117;117;6031185;1506;2.124;0;0;0;5586354;0;0.812;0;0;0;0;0;0.000;106;106;106;444422;1506;1.311;11;11;11;409;0;1e-3;1.2826360000000001e+00
/home/abrandt/src/dilation/instancias/uniform/uniform_060_04.in;gps_dryRun;Unknown;1.0000000000000000e+00;1.7976931348623157e+308;1.7976931348623157e+308;2.2851873159408569e+01;0.0000000000000000e+00;1.5253073692321777e+02;6265801;417885;0;0;809280;2399037;1.3431990000000000e+00;1.0000000000000000e+00;92;92;92;5847824;1261;1.88;0;0;0;5411992;0;0.784;0;0;0;0;0;0.000;81;81;81;435577;1261;1.095;11;11;11;255;0;1e-3;1.3431990000000000e+00
/home/abrandt/src/dilation/instancias/uniform/uniform_060_05.in;gps_dryRun;Unknown;1.0000000000000000e+00;1.7976931348623157e+308;1.7976931348623157e+308;1.4582704782485962e+01;0.0000000000000000e+00;1.3758396506309509e+02;6265801;267005;0;0;459250;1440695;1.2850450000000000e+00;1.0000000000000000e+00;101;101;101;5998695;1448;2.052;0;0;0;5603624;0;0.810;0;0;0;0;0;0.000;89;89;89;394781;1448;1.242;12;12;12;290;0;0.;1.2850450000000000e+00
/home/abrandt/src/dilation/instancias/uniform/uniform_060_06.in;gps_dryRun;Unknown;1.0000000000000000e+00;1.7976931348623157e+308;1.7976931348623157e+308;1.3631438970565796e+01;0.0000000000000000e+00;1.3973013210296631e+02;6265801;273731;0;0;416571;1412077;1.3199650000000001e+00;1.0000000000000000e+00;109;109;109;5991961;1472;2.079;0;0;0;5499442;0;0.799;0;0;0;0;0;0.000;97;97;97;492187;1472;1.279;12;12;12;332;0;1e-3;1.3199650000000001e+00
/home/abrandt/src/dilation/instancias/uniform/uniform_060_07.in;gps_dryRun;Unknown;1.0000000000000000e+00;1.7976931348623157e+308;1.7976931348623157e+308;1.0542855024337769e+01;0.0000000000000000e+00;1.3463697981834412e+02;6265801;223541;0;0;281533;1070650;1.2982350000000000e+00;1.0000000000000000e+00;122;122;122;6042138;1542;2.137;0;0;0;5555060;0;0.806;0;0;0;0;0;0.000;110;110;110;486730;1542;1.331;12;12;12;348;0;0.;1.2982350000000000e+00
/home/abrandt/src/dilation/instancias/uniform/uniform_060_08.in;gps_dryRun;Unknown;1.0000000000000000e+00;1.7976931348623157e+308;1.7976931348623157e+308;1.3065383911132812e+01;0.0000000000000000e+00;1.3882416200637817e+02;6265801;267845;0;0;392730;1362961;1.3208409999999999e+00;1.0000000000000000e+00;113;113;113;5997843;1483;2.085;0;0;0;5497600;0;0.796;0;0;0;0;0;0.000;101;101;101;499783;1483;1.289;12;12;12;460;0;0.;1.3208409999999999e+00
/home/abrandt/src/dilation/instancias/uniform/uniform_060_09.in;gps_dryRun;Unknown;1.0000000000000000e+00;1.7976931348623157e+308;1.7976931348623157e+308;1.1600652933120728e+01;0.0000000000000000e+00;1.3506689190864563e+02;6265801;230659;0;0;328488;1151197;1.2959390000000000e+00;1.0000000000000000e+00;116;116;116;6035026;1517;2.119;0;0;0;5559272;0;0.805;0;0;0;0;0;0.000;103;103;103;475471;1517;1.313;13;13;13;283;0;1e-3;1.2959390000000000e+00
/home/abrandt/src/dilation/instancias/uniform/uniform_060_10.in;gps_dryRun;Unknown;1.0000000000000000e+00;1.7976931348623157e+308;1.7976931348623157e+308;1.3109657049179077e+01;0.0000000000000000e+00;1.3449287390708923e+02;6265801;251061;0;0;397615;1311075;1.2694740000000000e+00;1.0000000000000000e+00;119;119;119;6014621;1468;2.084;0;0;0;5623252;0;0.812;0;0;0;0;0;0.000;108;108;108;391136;1468;1.271;11;11;11;233;0;1e-3;1.2694740000000000e+00
/home/abrandt/src/dilation/instancias/uniform/uniform_060_11.in;gps_dryRun;Unknown;1.0000000000000000e+00;1.7976931348623157e+308;1.7976931348623157e+308;1.4378540039062500e+01;0.0000000000000000e+00;1.3820837497711182e+02;6265801;261979;0;0;450584;1404012;1.2830610000000000e+00;1.0000000000000000e+00;106;106;106;6003716;1452;2.061;0;0;0;5553858;0;0.808;0;0;0;0;0;0.000;95;95;95;449457;1452;1.253;11;11;11;401;0;0.;1.2830610000000000e+00
/home/abrandt/src/dilation/instancias/uniform/uniform_060_12.in;gps_dryRun;Unknown;1.0000000000000000e+00;1.7976931348623157e+308;1.7976931348623157e+308;1.0183078050613403e+01;0.0000000000000000e+00;1.3148677086830139e+02;6265801;205833;0;0;266527;992920;1.2687200000000001e+00;1.0000000000000000e+00;126;126;126;6059842;1542;2.141;0;0;0;5642054;0;0.817;0;0;0;0;0;0.000;115;115;115;417655;1542;1.324;11;11;11;133;0;0.;1.2687200000000001e+00
/home/abrandt/src/dilation/instancias/uniform/uniform_060_13.in;gps_dryRun;Unknown;1.0000000000000000e+00;1.7976931348623157e+308;1.7976931348623157e+308;1.6608553886413574e+01;0.0000000000000000e+00;1.4863521218299866e+02;6265801;354617;0;0;543780;1862553;1.3758950000000001e+00;1.0000000000000000e+00;95;95;95;5911089;1413;2.003;0;0;0;5351088;0;0.775;0;0;0;0;0;0.000;78;78;78;559550;1413;1.228;17;17;17;451;0;0.;1.3758950000000001e+00
/home/abrandt/src/dilation/instancias/uniform/uniform_060_14.in;gps_dryRun;Unknown;1.0000000000000000e+00;1.7976931348623157e+308;1.7976931348623157e+308;1.4429537773132324e+01;0.0000000000000000e+00;1.4107242393493652e+02;6265801;306301;0;0;450321;1578396;1.3238930000000000e+00;1.0000000000000000e+00;106;106;106;5959394;1454;2.068;0;0;0;5480226;0;0.795;0;0;0;0;0;0.000;93;93;93;478867;1454;1.272;13;13;13;301;0;1e-3;1.3238930000000000e+00
/home/abrandt/src/dilation/instancias/uniform/uniform_060_15.in;gps_dryRun;Unknown;1.0000000000000000e+00;1.7976931348623157e+308;1.7976931348623157e+308;1.6934926986694336e+01;0.0000000000000000e+00;1.4716775608062744e+02;6265801;342689;0;0;557485;1830647;1.3520330000000000e+00;1.0000000000000000e+00;95;95;95;5923017;1403;2.026;0;0;0;5394756;0;0.779;0;0;0;0;0;0.000;79;79;79;527473;1403;1.246;16;16;16;788;0;1e-3;1.3520330000000000e+00
/home/abrandt/src/dilation/instancias/uniform/uniform_060_16.in;gps_dryRun;Unknown;1.0000000000000000e+00;1.7976931348623157e+308;1.7976931348623157e+308;1.1395876169204712e+01;0.0000000000000000e+00;1.4077286911010742e+02;6265801;249787;0;0;319259;1210427;1.3168120000000001e+00;1.0000000000000000e+00;123;123;123;6015891;1520;2.11;0;0;0;5463464;0;0.788;0;0;0;0;0;0.000;106;106;106;551722;1520;1.321;17;17;17;705;0;1e-3;1.3168120000000001e+00
/home/abrandt/src/dilation/instancias/uniform/uniform_060_17.in;gps_dryRun;Unknown;1.0000000000000000e+00;1.7976931348623157e+308;1.7976931348623157e+308;1.5101207017898560e+01;0.0000000000000000e+00;1.4328832507133484e+02;6265801;296275;0;0;480441;1570378;1.3309770000000001e+00;1.0000000000000000e+00;96;96;96;5969430;1446;2.029;0;0;0;5467154;0;0.788;0;0;0;0;0;0.000;84;84;84;501828;1446;1.240;12;12;12;448;0;1e-3;1.3309770000000001e+00
/home/abrandt/src/dilation/instancias/uniform/uniform_060_18.in;gps_dryRun;Unknown;1.0000000000000000e+00;1.7976931348623157e+308;1.7976931348623157e+308;1.3975997209548950e+01;0.0000000000000000e+00;1.3666562008857727e+02;6265801;279431;0;0;433568;1458619;1.2959410000000000e+00;1.0000000000000000e+00;112;112;112;5986258;1455;2.072;0;0;0;5579964;0;0.811;0;0;0;0;0;0.000;101;101;101;406027;1455;1.260;11;11;11;267;0;1e-3;1.2959410000000000e+00
/home/abrandt/src/dilation/instancias/uniform/uniform_060_19.in;gps_dryRun;Unknown;1.0000000000000000e+00;1.7976931348623157e+308;1.7976931348623157e+308;1.0340990066528320e+01;0.0000000000000000e+00;1.3452301788330078e+02;6265801;218729;0;0;272901;1046307;1.2902119999999999e+00;1.0000000000000000e+00;124;124;124;6046948;1543;2.119;0;0;0;5583296;0;0.807;0;0;0;0;0;0.000;107;107;107;463353;1543;1.311;17;17;17;299;0;1e-3;1.2902119999999999e+00
/home/abrandt/src/dilation/instancias/uniform/uniform_060_20.in;gps_dryRun;Unknown;1.0000000000000000e+00;1.7976931348623157e+308;1.7976931348623157e+308;1.8129542112350464e+01;0.0000000000000000e+00;1.4073834109306335e+02;6265801;302285;0;0;612553;1741675;1.2890640000000000e+00;1.0000000000000000e+00;89;89;89;5963427;1369;1.976;0;0;0;5594496;0;0.809;0;0;0;0;0;0.000;75;75;75;368733;1369;1.166;14;14;14;198;0;1e-3;1.2890640000000000e+00
/home/abrandt/src/dilation/instancias/uniform/uniform_060_21.in;gps_dryRun;Unknown;1.0000000000000000e+00;1.7976931348623157e+308;1.7976931348623157e+308;1.3559787034988403e+01;0.0000000000000000e+00;1.4217146301269531e+02;6265801;268391;0;0;412799;1384709;1.3384000000000000e+00;1.0000000000000000e+00;100;100;100;5997310;1485;2.057;0;0;0;5441614;0;0.784;0;0;0;0;0;0.000;88;88;88;555190;1485;1.273;12;12;12;506;0;0.;1.3384000000000000e+00
/home/abrandt/src/dilation/instancias/uniform/uniform_060_22.in;gps_dryRun;Unknown;1.0000000000000000e+00;1.7976931348623157e+308;1.7976931348623157e+308;1.8020517110824585e+01;0.0000000000000000e+00;1.4999415802955627e+02;6265801;357121;0;0;605139;1941765;1.3452580000000001e+00;1.0000000000000000e+00;95;95;95;5908585;1374;1.975;0;0;0;5417884;0;0.783;0;0;0;0;0;0.000;81;81;81;490033;1374;1.192;14;14;14;668;0;0.;1.3452580000000001e+00
/home/abrandt/src/dilation/instancias/uniform/uniform_060_23.in;gps_dryRun;Unknown;1.0000000000000000e+00;1.7976931348623157e+308;1.7976931348623157e+308;1.9225404977798462e+01;0.0000000000000000e+00;1.5104951500892639e+02;6265801;361969;0;0;658911;2010103;1.3652169999999999e+00;1.0000000000000000e+00;101;101;101;5903731;1342;1.977;0;0;0;5350612;0;0.776;0;0;0;0;0;0.000;89;89;89;552539;1342;1.201;12;12;12;580;0;0.;1.3652169999999999e+00
/home/abrandt/src/dilation/instancias/uniform/uniform_060_24.in;gps_dryRun;Unknown;1.0000000000000000e+00;1.7976931348623157e+308;1.7976931348623157e+308;1.5188321113586426e+01;0.0000000000000000e+00;1.3672668313980103e+02;6265801;256421;0;0;485261;1421571;1.2783380000000000e+00;1.0000000000000000e+00;105;105;105;6009275;1430;2.069;0;0;0;5613684;0;0.812;0;0;0;0;0;0.000;91;91;91;395287;1430;1.256;14;14;14;304;0;1e-3;1.2783380000000000e+00
/home/abrandt/src/dilation/instancias/uniform/uniform_060_25.in;gps_dryRun;Unknown;1.0000000000000000e+00;1.7976931348623157e+308;1.7976931348623157e+308;1.3642119884490967e+01;0.0000000000000000e+00;1.4229879498481750e+02;6265801;288497;0;0;416086;1468177;1.3316150000000000e+00;1.0000000000000000e+00;104;104;104;5977200;1479;2.054;0;0;0;5436672;0;0.785;0;0;0;0;0;0.000;92;92;92;540340;1479;1.268;12;12;12;188;0;1e-3;1.3316150000000000e+00
/home/abrandt/src/dilation/instancias/uniform/uniform_060_26.in;gps_dryRun;Unknown;1.0000000000000000e+00;1.7976931348623157e+308;1.7976931348623157e+308;1.2634449958801270e+01;0.0000000000000000e+00;1.4200948596000671e+02;6265801;280669;0;0;370592;1386994;1.3371059999999999e+00;1.0000000000000000e+00;112;112;112;5985020;1500;2.09;0;0;0;5431956;0;0.787;0;0;0;0;0;0.000;95;95;95;552485;1500;1.302;17;17;17;579;0;1e-3;1.3371059999999999e+00
/home/abrandt/src/dilation/instancias/uniform/uniform_060_27.in;gps_dryRun;Unknown;1.0000000000000000e+00;1.7976931348623157e+308;1.7976931348623157e+308;1.5053041934967041e+01;0.0000000000000000e+00;1.3967727494239807e+02;6265801;276421;0;0;479836;1492713;1.2782480000000001e+00;1.0000000000000000e+00;103;103;103;5989277;1437;2.055;0;0;0;5539928;0;0.802;0;0;0;0;0;0.000;94;94;94;448964;1437;1.252;9;9;9;385;0;1e-3;1.2782480000000001e+00
/home/abrandt/src/dilation/instancias/uniform/uniform_060_28.in;gps_dryRun;Unknown;1.0000000000000000e+00;1.7976931348623157e+308;1.7976931348623157e+308;1.5268160104751587e+01;0.0000000000000000e+00;1.3678129482269287e+02;6265801;279727;0;0;490468;1523045;1.2718360000000000e+00;1.0000000000000000e+00;106;106;106;5985968;1425;2.044;0;0;0;5596344;0;0.812;0;0;0;0;0;0.000;96;96;96;389420;1425;1.231;10;10;10;204;0;1e-3;1.2718360000000000e+00
/home/abrandt/src/dilation/instancias/uniform/uniform_060_29.in;gps_dryRun;Unknown;1.0000000000000000e+00;1.7976931348623157e+308;1.7976931348623157e+308;1.4691672086715698e+01;0.0000000000000000e+00;1.4354524517059326e+02;6265801;296583;0;0;462565;1544891;1.3508140000000000e+00;1.0000000000000000e+00;103;103;103;5969115;1455;2.066;0;0;0;5410144;0;0.789;0;0;0;0;0;0.000;89;89;89;558675;1455;1.276;14;14;14;296;0;1e-3;1.3508140000000000e+00
/home/abrandt/src/dilation/instancias/uniform/uniform_070_00.in;gps_dryRun;Unknown;1.0000000000000000e+00;1.7976931348623157e+308;1.7976931348623157e+308;4.4018700122833252e+01;0.0000000000000000e+00;4.1060746622085571e+02;11664451;493045;0;0;855892;2667357;1.3296840000000001e+00;1.0000000000000000e+00;116;116;116;11171290;1999;4.738;0;0;0;10146966;0;1.716;0;0;0;0;0;0.000;102;102;102;1023584;1999;3.021;14;14;14;740;0;1e-3;1.3296840000000001e+00
/home/abrandt/src/dilation/instancias/uniform/uniform_070_01.in;gps_dryRun;Unknown;1.0000000000000000e+00;1.7976931348623157e+308;1.7976931348623157e+308;7.2856642007827759e+01;0.0000000000000000e+00;4.4800321698188782e+02;11664451;751887;0;0;1520172;4391931;1.3611359999999999e+00;1.0000000000000000e+00;91;91;91;10912473;1739;4.315;0;0;0;9974372;0;1.688;0;0;0;0;0;0.000;76;76;76;937048;1739;2.626;15;15;15;1053;0;1e-3;1.3611359999999999e+00
/home/abrandt/src/dilation/instancias/uniform/uniform_070_02.in;gps_dryRun;Unknown;1.0000000000000000e+00;1.7976931348623157e+308;1.7976931348623157e+308;3.9731276035308838e+01;0.0000000000000000e+00;4.0494044589996338e+02;11664451;491873;0;0;750257;2554026;1.3310610000000000e+00;1.0000000000000000e+00;123;123;123;11172455;2038;4.789;0;0;0;10154276;0;1.725;0;0;0;0;0;0.000;113;113;113;1017711;2038;3.063;10;10;10;468;0;1e-3;1.3310610000000000e+00
/home/abrandt/src/dilation/instancias/uniform/uniform_070_03.in;gps_dryRun;Unknown;1.0000000000000000e+00;1.7976931348623157e+308;1.7976931348623157e+308;5.4518134117126465e+01;0.0000000000000000e+00;4.1477100706100464e+02;11664451;520997;0;0;1102391;3053112;1.3012870000000001e+00;1.0000000000000000e+00;109;109;109;11143345;1892;4.62;0;0;0;10342468;0;1.762;0;0;0;0;0;0.000;89;89;89;799999;1892;2.857;20;20;20;878;0;1e-3;1.3012870000000001e+00
/home/abrandt/src/dilation/instancias/uniform/uniform_070_04.in;gps_dryRun;Unknown;1.0000000000000000e+00;1.7976931348623157e+308;1.7976931348623157e+308;3.5272940874099731e+01;0.0000000000000000e+00;3.9938893294334412e+02;11664451;444485;0;0;641993;2253041;1.3321210000000001e+00;1.0000000000000000e+00;124;124;124;11219842;2085;4.832;0;0;0;10162018;0;1.729;0;0;0;0;0;0.000;105;105;105;1057055;2085;3.102;19;19;19;769;0;1e-3;1.3321210000000001e+00
/home/abrandt/src/dilation/instancias/uniform/uniform_070_05.in;gps_dryRun;Unknown;1.0000000000000000e+00;1.7976931348623157e+308;1.7976931348623157e+308;6.8378553152084351e+01;0.0000000000000000e+00;4.3336735296249390e+02;11664451;658443;0;0;1420054;3929458;1.3183240000000001e+00;1.0000000000000000e+00;95;95;95;11005913;1772;4.393;0;0;0;10238398;0;1.741;0;0;0;0;0;0.000;81;81;81;767003;1772;2.651;14;14;14;512;0;1e-3;1.3183240000000001e+00
/home/abrandt/src/dilation/instancias/uniform/uniform_070_06.in;gps_dryRun;Unknown;1.0000000000000000e+00;1.7976931348623157e+308;1.7976931348623157e+308;3.1742727041244507e+01;0.0000000000000000e+00;3.9413635087013245e+02;11664451;387389;0;0;559026;1940304;1.3056170000000000e+00;1.0000000000000000e+00;133;133;133;11276929;2112;4.874;0;0;0;10257102;0;1.738;0;0;0;0;0;0.000;118;118;118;1019318;2112;3.135;15;15;15;509;0;1e-3;1.3056170000000000e+00
/home/abrandt/src/dilation/instancias/uniform/uniform_070_07.in;gps_dryRun;Unknown;1.0000000000000000e+00;1.7976931348623157e+308;1.7976931348623157e+308;4.4032784938812256e+01;0.0000000000000000e+00;4.1040327596664429e+02;11664451;528545;0;0;857598;2814822;1.3229430000000000e+00;1.0000000000000000e+00;113;113;113;11135793;2000;4.722;0;0;0;10112926;0;1.724;0;0;0;0;0;0.000;99;99;99;1021993;2000;2.997;14;14;14;874;0;1e-3;1.3229430000000000e+00
/home/abrandt/src/dilation/instancias/uniform/uniform_070_08.in;gps_dryRun;Unknown;1.0000000000000000e+00;1.7976931348623157e+308;1.7976931348623157e+308;3.5384808063507080e+01;0.0000000000000000e+00;3.9116019392013550e+02;11664451;416915;0;0;649002;2165587;1.2963929999999999e+00;1.0000000000000000e+00;126;126;126;11247410;2073;4.852;0;0;0;10367262;0;1.762;0;0;0;0;0;0.000;116;116;116;879858;2073;3.089;10;10;10;290;0;1e-3;1.2963929999999999e+00
/home/abrandt/src/dilation/instancias/uniform/uniform_070_09.in;gps_dryRun;Unknown;1.0000000000000000e+00;1.7976931348623157e+308;1.7976931348623157e+308;3.0830392837524414e+01;0.0000000000000000e+00;3.9097242999076843e+02;11664451;393437;0;0;540489;1942825;1.3083430000000000e+00;1.0000000000000000e+00;141;141;141;11270873;2113;4.927;0;0;0;10262242;0;1.745;0;0;0;0;0;0.000;125;125;125;1007931;2113;3.181;16;16;16;700;0;1e-3;1.3083430000000000e+00
/home/abrandt/src/dilation/instancias/uniform/uniform_070_10.in;gps_dryRun;Unknown;1.0000000000000000e+00;1.7976931348623157e+308;1.7976931348623157e+308;7.6407402992248535e+01;0.0000000000000000e+00;4.5567122387886047e+02;11664451;808331;0;0;1606789;4710764;1.3732640000000000e+00;1.0000000000000000e+00;105;105;105;10856015;1700;4.233;0;0;0;9879478;0;1.668;0;0;0;0;0;0.000;89;89;89;975463;1700;2.563;16;16;16;1074;0;2e-3;1.3732640000000000e+00
/home/abrandt/src/dilation/instancias/uniform/uniform_070_11.in;gps_dryRun;Unknown;1.0000000000000000e+00;1.7976931348623157e+308;1.7976931348623157e+308;4.5357714891433716e+01;0.0000000000000000e+00;4.1470172595977783e+02;11664451;518117;0;0;889339;2799859;1.3149080000000000e+00;1.0000000000000000e+00;118;118;118;11146216;1984;4.642;0;0;0;10065574;0;1.700;0;0;0;0;0;0.000;108;108;108;1080152;1984;2.941;10;10;10;490;0;1e-3;1.3149080000000000e+00
/home/abrandt/src/dilation/instancias/uniform/uniform_070_12.in;gps_dryRun;Unknown;1.0000000000000000e+00;1.7976931348623157e+308;1.7976931348623157e+308;4.3164329051971436e+01;0.0000000000000000e+00;4.0259979891777039e+02;11664451;506487;0;0;835511;2718067;1.3202769999999999e+00;1.0000000000000000e+00;114;114;114;11157850;2003;4.749;0;0;0;10276068;0;1.748;0;0;0;0;0;0.000;104;104;104;881436;2003;3.000;10;10;10;346;0;1e-3;1.3202769999999999e+00
/home/abrandt/src/dilation/instancias/uniform/uniform_070_13.in;gps_dryRun;Unknown;1.0000000000000000e+00;1.7976931348623157e+308;1.7976931348623157e+308;3.6648065090179443e+01;0.0000000000000000e+00;3.9412839293479919e+02;11664451;444009;0;0;681975;2304151;1.3033870000000001e+00;1.0000000000000000e+00;127;127;127;11220315;2059;4.853;0;0;0;10343040;0;1.749;0;0;0;0;0;0.000;115;115;115;876871;2059;3.103;12;12;12;404;0;1e-3;1.3033870000000001e+00
/home/abrandt/src/dilation/instancias/uniform/uniform_070_14.in;gps_dryRun;Unknown;1.0000000000000000e+00;1.7976931348623157e+308;1.7976931348623157e+308;4.5038064002990723e+01;0.0000000000000000e+00;4.0785923814773560e+02;11664451;511401;0;0;879853;2772725;1.3259320000000001e+00;1.0000000000000000e+00;113;113;113;11152937;1989;4.703;0;0;0;10187270;0;1.732;0;0;0;0;0;0.000;101;101;101;964755;1989;2.970;12;12;12;912;0;1e-3;1.3259320000000001e+00
/home/abrandt/src/dilation/instancias/uniform/uniform_070_15.in;gps_dryRun;Unknown;1.0000000000000000e+00;1.7976931348623157e+308;1.7976931348623157e+308;4.7238990068435669e+01;0.0000000000000000e+00;4.1208268094062805e+02;11664451;554381;0;0;934233;3003253;1.3311029999999999e+00;1.0000000000000000e+00;108;108;108;11109962;1970;4.662;0;0;0;10197326;0;1.724;0;0;0;0;0;0.000;98;98;98;912404;1970;2.938;10;10;10;232;0;0.;1.3311029999999999e+00
/home/abrandt/src/dilation/instancias/uniform/uniform_070_16.in;gps_dryRun;Unknown;1.0000000000000000e+00;1.7976931348623157e+308;1.7976931348623157e+308;4.7685843944549561e+01;0.0000000000000000e+00;4.1580733990669250e+02;11664451;573709;0;0;939629;3081071;1.3330219999999999e+00;1.0000000000000000e+00;110;110;110;11090632;1967;4.669;0;0;0;10107370;0;1.717;0;0;0;0;0;0.000;91;91;91;982441;1967;2.950;19;19;19;821;0;2e-3;1.3330219999999999e+00
/home/abrandt/src/dilation/instancias/uniform/uniform_070_17.in;gps_dryRun;Unknown;1.0000000000000000e+00;1.7976931348623157e+308;1.7976931348623157e+308;4.1034597873687744e+01;0.0000000000000000e+00;4.0792417502403259e+02;11664451;479657;0;0;786619;2544060;1.3246750000000000e+00;1.0000000000000000e+00;121;121;121;11184673;2024;4.818;0;0;0;10195102;0;1.739;0;0;0;0;0;0.000;108;108;108;989184;2024;3.078;13;13;13;387;0;1e-3;1.3246750000000000e+00
/home/abrandt/src/dilation/instancias/uniform/uniform_070_18.in;gps_dryRun;Unknown;1.0000000000000000e+00;1.7976931348623157e+308;1.7976931348623157e+308;4.0239886999130249e+01;0.0000000000000000e+00;4.0976252794265747e+02;11664451;514503;0;0;763490;2659524;1.3321050000000001e+00;1.0000000000000000e+00;121;121;121;11149827;2034;4.795;0;0;0;10116252;0;1.719;0;0;0;0;0;0.000;103;103;103;1033137;2034;3.075;18;18;18;438;0;1e-3;1.3321050000000001e+00
/home/abrandt/src/dilation/instancias/uniform/uniform_070_19.in;gps_dryRun;Unknown;1.0000000000000000e+00;1.7976931348623157e+308;1.7976931348623157e+308;4.0626693964004517e+01;0.0000000000000000e+00;4.1079552102088928e+02;11664451;481003;0;0;772770;2521601;1.3184750000000001e+00;1.0000000000000000e+00;126;126;126;11183322;2030;4.783;0;0;0;10095036;0;1.711;0;0;0;0;0;0.000;113;113;113;1087379;2030;3.071;13;13;13;907;0;1e-3;1.3184750000000001e+00
/home/abrandt/src/dilation/instancias/uniform/uniform_070_20.in;gps_dryRun;Unknown;1.0000000000000000e+00;1.7976931348623157e+308;1.7976931348623157e+308;5.0755175113677979e+01;0.0000000000000000e+00;4.0763143205642700e+02;11664451;493389;0;0;1020480;2847091;1.3015650000000001e+00;1.0000000000000000e+00;112;112;112;11170950;1929;4.637;0;0;0;10293930;0;1.752;0;0;0;0;0;0.000;100;100;100;876696;1929;2.883;12;12;12;324;0;2e-3;1.3015650000000001e+00
/home/abrandt/src/dilation/instancias/uniform/uniform_070_21.in;gps_dryRun;Unknown;1.0000000000000000e+00;1.7976931348623157e+308;1.7976931348623157e+308;4.8739472150802612e+01;0.0000000000000000e+00;4.1587413406372070e+02;11664451;528211;0;0;965558;2927959;1.3329210000000000e+00;1.0000000000000000e+00;104;104;104;11136136;1962;4.691;0;0;0;10182160;0;1.732;0;0;0;0;0;0.000;92;92;92;953640;1962;2.958;12;12;12;336;0;1e-3;1.3329210000000000e+00
/home/abrandt/src/dilation/instancias/uniform/uniform_070_22.in;gps_dryRun;Unknown;1.0000000000000000e+00;1.7976931348623157e+308;1.7976931348623157e+308;4.2052380800247192e+01;0.0000000000000000e+00;4.0100123691558838e+02;11664451;464613;0;0;808609;2519059;1.2993189999999999e+00;1.0000000000000000e+00;116;116;116;11199722;2014;4.792;0;0;0;10307506;0;1.758;0;0;0;0;0;0.000;99;99;99;891821;2014;3.033;17;17;17;395;0;1e-3;1.2993189999999999e+00
/home/abrandt/src/dilation/instancias/uniform/uniform_070_23.in;gps_dryRun;Unknown;1.0000000000000000e+00;1.7976931348623157e+308;1.7976931348623157e+308;4.4108600139617920e+01;0.0000000000000000e+00;4.0830071616172791e+02;11664451;510207;0;0;859112;2746003;1.3139500000000000e+00;1.0000000000000000e+00;112;112;112;11154132;2000;4.726;0;0;0;10179996;0;1.725;0;0;0;0;0;0.000;99;99;99;973929;2000;3.000;13;13;13;207;0;1e-3;1.3139500000000000e+00
/home/abrandt/src/dilation/instancias/uniform/uniform_070_24.in;gps_dryRun;Unknown;1.0000000000000000e+00;1.7976931348623157e+308;1.7976931348623157e+308;3.4597235918045044e+01;0.0000000000000000e+00;3.9548072886466980e+02;11664451;405845;0;0;625622;2085841;1.3065610000000001e+00;1.0000000000000000e+00;130;130;130;11258476;2084;4.885;0;0;0;10306294;0;1.749;0;0;0;0;0;0.000;113;113;113;951491;2084;3.134;17;17;17;691;0;2e-3;1.3065610000000001e+00
/home/abrandt/src/dilation/instancias/uniform/uniform_070_25.in;gps_dryRun;Unknown;1.0000000000000000e+00;1.7976931348623157e+308;1.7976931348623157e+308;2.6730196952819824e+01;0.0000000000000000e+00;3.8422110104560852e+02;11664451;353745;0;0;436029;1680167;1.2977520000000000e+00;1.0000000000000000e+00;150;150;150;11310556;2149;5.002;0;0;0;10342348;0;1.766;0;0;0;0;0;0.000;138;138;138;967494;2149;3.236;12;12;12;714;0;0.;1.2977520000000000e+00
/home/abrandt/src/dilation/instancias/uniform/uniform_070_26.in;gps_dryRun;Unknown;1.0000000000000000e+00;1.7976931348623157e+308;1.7976931348623157e+308;3.8934602022171021e+01;0.0000000000000000e+00;3.9859684896469116e+02;11664451;449445;0;0;734554;2375823;1.3088290000000000e+00;1.0000000000000000e+00;128;128;128;11214878;2037;4.801;0;0;0;10317524;0;1.764;0;0;0;0;0;0.000;116;116;116;896868;2037;3.036;12;12;12;486;0;1e-3;1.3088290000000000e+00
/home/abrandt/src/dilation/instancias/uniform/uniform_070_27.in;gps_dryRun;Unknown;1.0000000000000000e+00;1.7976931348623157e+308;1.7976931348623157e+308;4.5563867092132568e+01;0.0000000000000000e+00;4.0755865192413330e+02;11664451;542177;0;0;889309;2913863;1.3255429999999999e+00;1.0000000000000000e+00;118;118;118;11122156;1978;4.733;0;0;0;10242278;0;1.751;0;0;0;0;0;0.000;106;106;106;879614;1978;2.981;12;12;12;264;0;1e-3;1.3255429999999999e+00
/home/abrandt/src/dilation/instancias/uniform/uniform_070_28.in;gps_dryRun;Unknown;1.0000000000000000e+00;1.7976931348623157e+308;1.7976931348623157e+308;3.1740936040878296e+01;0.0000000000000000e+00;3.9937404894828796e+02;11664451;434031;0;0;556638;2114561;1.3405110000000000e+00;1.0000000000000000e+00;138;138;138;11230282;2112;4.899;0;0;0;10115958;0;1.718;0;0;0;0;0;0.000;122;122;122;1113658;2112;3.180;16;16;16;666;0;1e-3;1.3405110000000000e+00
/home/abrandt/src/dilation/instancias/uniform/uniform_070_29.in;gps_dryRun;Unknown;1.0000000000000000e+00;1.7976931348623157e+308;1.7976931348623157e+308;4.6462864160537720e+01;0.0000000000000000e+00;4.0346654796600342e+02;11664451;492879;0;0;918235;2746517;1.2913580000000000e+00;1.0000000000000000e+00;114;114;114;11171458;1968;4.729;0;0;0;10346262;0;1.750;0;0;0;0;0;0.000;102;102;102;824922;1968;2.978;12;12;12;274;0;1e-3;1.2913580000000000e+00
